,NCAV,Name,P/E,Ticker,currentPrice,earnings,floatShares,marketCap,revenue,sector,totalCurrentAssets,totalDebt
3000,,Cornerstone Bancshares Inc,,CSBQ,,,,,,,,
3001,0.5908681504723201,Champions Oncology Inc,271.5686408839779,CSBR,7.27,362000.0,5073890.0,98307848.0,41040000.0,Healthcare,12630000.0,9632000.0
3002,,Computer Sciences Corp,,CSC,,,,,,,,
3003,,Chardan South China Acquisition Corp,,CSCAU,,,,,,,,
3004,,Cascade Microtech Inc,,CSCD,,,,,,,,
3005,,Cascade Energy Inc,,CSCE,,,,,,,,
3006,6.916763609086228,Cisco Systems Inc,17.83689772523841,CSCO,45.62,10591000000.0,4136905892.0,188910583808.0,49818000000.0,Technology,39112000000.0,10497999872.0
3007,,Correctional Services Corporation LLC,,CSCQ,,,,,,,,
3008,,Cardiac Science Corp,,CSCX,,,,,,,,
3009,,SG Blocks Inc,,CSDI,,,,,,,,
3010,,Cascade Technologies Corp,,CSDT,,,,,,,,
3011,,Capitalsource Inc,,CSE,,,,,,,,
3012,,Case Financial Inc,,CSEF,,,,,,,,
3013,,City Savings Financial Corp,,CSFC,,,,,,,,
3014,,Centerstate Banks Inc,,CSFL,,,,,,,,
3015,,Cash 4 Homes 247,,CSFM,,,,,,,,
3016,,Cash Store Financial Services Inc,,CSFS,,,,,,,,
3017,,Chambers Street Properties,,CSG,,,,,,,,
3018,7.33882819665112,Costar Group Inc,83.29062080091877,CSGP,61.5,292564000.0,391807380.0,24367837184.0,1944135000.0,Real Estate,3988125000.0,1112717952.0
3019,9.026280074673899,CSG Systems International Inc,27.580578396538137,CSGS,61.5,72331000.0,30199039.0,1994930816.0,1046487000.0,Technology,748199000.0,475614016.0
3020,,Cash America International Inc,,CSH,,,,,,,,
3021,,Community Shores Bank Corp,,CSHB,,,,,,,,
3022,,Natural Nutrition Inc,,CSIB,,,,,,,,
3023,6.668646983107542,Conversion Services International Inc,-48.86553788838388,CSII,16.08,-13421000.0,39340514.0,655824384.0,258973000.0,Healthcare,284669000.0,22321000.0
3024,6.668646983107542,Cardiovascular Systems Inc,-48.86553788838388,CSII,16.08,-13421000.0,39340514.0,655824384.0,258973000.0,Healthcare,284669000.0,22321000.0
3025,6.668646983107542,Cardiovascular Systems Inc,-48.86553788838388,CSII,16.08,-13421000.0,39340514.0,655824384.0,258973000.0,Healthcare,284669000.0,22321000.0
3026,,Fuda Faucet Works Inc,,CSIN,,,,,,,,
3027,,Chesapeake Corp,,CSK,,,,,,,,
3028,,Getpokerrakebackcom,,CSKD,0.01,,,2376390.0,,Industrials,,1862532.0
3029,,Clear Skies Solar Inc,,CSKH,,,,,,,,
3030,,China Sky One Medical Inc,,CSKI,,,,,,,,
3031,-15.238560755842016,Carlisle Companies Inc,31.088979957315626,CSL,253.59,421700000.0,51048128.0,13110222848.0,4810300000.0,Industrials,2150900000.0,2928800000.0
3032,,Consulier Engineering Inc,,CSLR,,,,,,,,
3033,,Crescent Banking Co,,CSNT,,,,,,,,
3034,,Cornerstone Ondemand Inc,,CSOD,,,,,,,,
3035,,American Strategic Income Portfolio Inc III,,CSP,,,,,,,,
3036,14.622221063224611,CSP Inc,57.97787696709585,CSPI,8.94,699000.0,3182827.0,40526536.0,49208000.0,Technology,49034000.0,2494000.0
3037,,Calamos Strategic Total Return Fund,2.334979687794622,CSQ,14.97,1012166804.0,,2363388928.0,69960903.0,Financial Services,194905181.0,1182424960.0
3038,,Comshare Inc,,CSRE,,,,,,,,
3039,,Consorteum Holdings Inc,,CSRH,,,,,,,,
3040,,Certified Services Inc,,CSRV,,,,,,,,
3041,,Consolidated Resources Group Inc,,CSRZ,,,,,,,,
3042,,CSS Industries Inc,,CSS,,,,,,,,
3043,,Caspian Services Inc,,CSSV,0.0012,,42156601.0,263288.0,,Energy,,87691000.0
3044,,CST Brands Inc,,CST,,,,,,,,
3045,,Dyna Cam,,CSTC,,,,,,,,
3046,13.952654207816913,Castelle,-19.033530870510035,CSTL,22.68,-31292000.0,24779013.0,595597248.0,94085000.0,Healthcare,353743000.0,8010000.0
3047,,Capital Senior Living Corp,,CSU,,,,,,,,
3048,,Shearson Financial Network Inc,,CSUA,,,,,,,,
3049,,Celsius Holdings Inc,,CSUH,,,,,,,,
3050,-44.962945071930285,Carriage Services Inc,18.14944383123737,CSV,40.42,33159000.0,12396030.0,601817408.0,375886000.0,Consumer Cyclical,40212000.0,597574016.0
3051,,Canada Southern Petroleum LTD,,CSW,,,,,,,,
3052,-21.706760071279273,Capital Southwest Corp,11.15904895544681,CSWC,22.75,50883000.0,23298778.0,567805888.0,68062000.0,Financial Services,27277000.0,533017984.0
3053,-1.630651681328837,Computer Software Innovations Inc,42.1720370084042,CSWI,107.87,40099000.0,15436778.0,1691056512.0,419205000.0,Industrials,300147000.0,325319008.0
3054,-5.958617502197982,CSX Corp,18.4303165342502,CSX,32.05,3781000000.0,2171476899.0,69685026816.0,12522000000.0,Industrials,3873000000.0,16812000256.0
3055,,China Sxan Biotech Inc,,CSXB,,,,,,,,
3056,,Clearstory Systems Inc,,CSYS,,,,,,,,
3057,,1 800 Contacts Inc,,CTAC,,,,,,,,
3058,-2.7359365829491504,Cintas Corp,36.55714140461291,CTAS,396.91,1110968000.0,86961849.0,40613814272.0,7116340000.0,Industrials,2843309000.0,3081231104.0
3059,,Cooper Tire & Rubber Co,,CTB,,,,,,,,
3060,0.4846758894100838,Community Trust Bancorp Inc,8.536641080749156,CTBI,41.95,87939000.0,15276221.0,750703680.0,226576000.0,Financial Services,333534000.0,326129984.0
3061,,Coast Bancorp,,CTBP,,,,,,,,
3062,,CT Communications Inc,,CTCI,,,,,,,,
3063,,Ecoready Corp,,CTCJ,,,,,,,,
3064,,CTC Media Inc,,CTCM,,,,,,,,
3065,,Commonwealth Telephone Enterprises Inc,,CTCO,,,,,,,,
3066,,Constant Contact Inc,,CTCT,,,,,,,,
3067,,CTD Holdings Inc,,CTDH,,,,,,,,
3068,,Capital Directions Inc,,CTDN,,,,,,,,
3069,,Cholestech Corporation,,CTEC,,,,,,,,
3070,,Cemtrex Inc,,CTEI,,,,,,,,
3071,0.8335053725898528,Cleantech Innovations Inc,-7.021945366710897,CTEK,1.19,-2246579.0,11319122.0,15775355.0,16301905.0,Technology,9450799.0,16250.0
3072,,Nuveen Long,,CTF,,,,,,,,
3073,,China Transinfo Technology Corp,,CTFO,,,,,,,,
3074,7.669920292484811,Computer Task Group Inc,9.566973925710125,CTG,8.52,13730000.0,13323085.0,131354552.0,392285000.0,Technology,122765000.0,20578000.0
3075,,Capital Title Group Inc,,CTGI,,,,,,,,
3076,11.20480547843375,Contango Ore Inc,6.260916750062413,CTGO,22.0745,23869123.0,3207048.0,149442592.0,0.0,Basic Materials,35934349.0,0.0
3077,,Catcher Holdings Inc,,CTHH,,,,,,,,
3078,,China Tractor Holdings Inc,,CTHL,,,,,,,,
3079,,Legal Life Plans Inc,,CTHP,,,,,,,,
3080,1.261055880338621,Charles & Colvard LTD,3.162122858227213,CTHR,1.32,12810766.0,25273451.0,40509216.0,39235839.0,Consumer Cyclical,35761231.0,3889997.0
3081,0.20185270696713456,Cti Industries Corp,-0.5979984084650415,CTIB,0.8368,-8272517.0,5479010.0,4946952.0,24085666.0,Consumer Cyclical,12473953.0,11368000.0
3082,-0.4632523129693349,Cell Therapeutics Inc,-6.054464190873064,CTIC,5.44,-97908000.0,87174956.0,592780480.0,0.0,Healthcare,68379000.0,108763000.0
3083,,Cti Group Holdings Inc,,CTIG,,,,,,,,
3084,,Cellceutix Corp,,CTIX,,,,,,,,
3085,,Centurylink Inc,,CTL,,,,,,,,
3086,,Cattlesale Co,,CTLE,,,,,,,,
3087,,Centillium Communications Inc,,CTLM,,,,,,,,
3088,,Cti Molecular Imaging Inc,,CTMI,,,,,,,,
3089,,CTM Media Holdings Inc,,CTMMAB,,,,,,,,
3090,,Central Natural Resources Inc,,CTNR,2.9,,,14809111.0,,Energy,,0.0
3091,-45.62904505378916,Consolidated Tomoka Land Co,13.354599331997328,CTO,66.26,29940000.0,5291586.0,399836704.0,70272000.0,Real Estate,56772000.0,298222016.0
3092,,Calton Inc,,CTON,0.401,,,102030.0,,Financial Services,,115000.0
3093,,C2 Inc,,CTOO,,,,,,,,
3094,,Ceetop Inc,,CTOP,,,,,,,,
3095,,Cornerstone Bancorp,,CTOT,,,,,,,,
3096,,Ctpartners Executive Search Inc,,CTP,,,,,,,,
3097,,Clearbridge Energy MLP Total Return Fund Inc,,CTR,31.49,,,222621696.0,,Financial Services,,
3098,-1.6548958865017136,Centra Software Inc,24.716921146804836,CTRA,35.52,1158000000.0,790382048.0,28622194688.0,3670000000.0,Energy,2136000000.0,3444000000.0
3099,,Arrayit Corp,,CTRI,,,,,,,,
3100,,Control4 Corp,,CTRL,,,,,,,,
3101,-8.89673808706134,Citi Trends Inc,10.759348736341646,CTRN,29.76,23978000.0,6537115.0,257987664.0,783294000.0,Consumer Cyclical,192607000.0,250766000.0
3102,,Cotherix Inc,,CTRX,,,,,,,,
3103,6.76828124354111,CTS Corp,-31.072081020398414,CTS,40.54,-41866000.0,31448900.0,1300863744.0,512925000.0,Technology,289089000.0,76234000.0
3104,11.025174138926777,Cognizant Technology Solutions Corp,18.225239210107627,CTSH,74.73,2137000000.0,520173184.0,38947336192.0,18507000000.0,Technology,7342000000.0,1607000064.0
3105,1.2746631381198965,Cytosorbents Corp,-3.6362874698965513,CTSO,2.05,-24558648.0,39727781.0,89302304.0,43165527.0,Healthcare,64298890.0,13659352.0
3106,-5.781060079968271,Catchmark Timber Trust Inc,7.019143043493186,CTT,8.3,58262000.0,46065770.0,408949312.0,102844000.0,Real Estate,34693000.0,301001984.0
3107,,Competitive Technologies Inc,,CTTC,,,,,,,,
3108,,Canadian Tactical Training Academy Inc,,CTTG,,,,,,,,
3109,,Catuity Inc,,CTTYC,,,,,,,,
3110,,Chad Therapeutics Inc,,CTU,,,,,,,,
3111,,CSMG Technologies Inc,,CTUM,,,,,,,,
3112,,Century Next Financial Corp,,CTUY,31.56,,1300783.0,56048036.0,,Financial Services,,14454000.0
3113,2.6375271539083633,Commscope Inc,-56.074616457461644,CTV,4.87,-11472000.0,69881745.0,643288000.0,90291000.0,Communication Services,195249000.0,10934000.0
3114,,Great China Mining Inc,,CTVH,,,,,,,,
3115,,Connecticut Water Service Inc,,CTWS,,,,,,,,
3116,,Centex Corp,,CTX,,,,,,,,
3117,,3333 Holding Corp,,CTX,,,,,,,,
3118,,Centex Development Co LP,,CTX,,,,,,,,
3119,-14.036001504401117,Citrix Systems Inc,41.555420472912104,CTXS,100.95,307499000.0,125429314.0,12778250240.0,3217170000.0,Technology,1718985000.0,3479511040.0
3120,,Cityfed Financial Corp,,CTYFO,,,,,,,,
3121,,Centenary International Corp,,CTYI,,,,,,,,
3122,,Citizens First Bancorp Inc,,CTZN,,,,,,,,
3123,,China Unistone Acquisition Corp,,CUAQU,,,,,,,,
3124,,Casablanca Mining LTD,,CUAU,,,,,,,,
3125,,Cubic Corp,,CUB,,,,,,,,
3126,,Herzfeld Caribbean Basin Fund Inc,1.5654527889829908,CUBA,4.65,17749427.0,,27785890.0,373539.0,Financial Services,98016.0,0.0
3127,-13.847210808279305,Cubesmart,47.00751631003839,CUBE,45.39,223482000.0,223180983.0,10505333760.0,824939000.0,Real Estate,96483000.0,3186917120.0
3128,-15.660884228977809,Customers Bancorp Inc,4.315426188713066,CUBI,41.17,314647000.0,30874695.0,1357835904.0,735515000.0,Financial Services,653820000.0,1137345024.0
3129,,Barracuda Networks Inc,,CUDA,,,,,,,,
3130,,Cui Global Inc,,CUI,,,,,,,,
3131,-25.001268971287818,Carnival PLC,-1.6006593327018208,CUK,12.94,-9501000000.0,1043906992.0,15207864320.0,1908000000.0,Consumer Cyclical,10133000000.0,36231999488.0
3132,,Cullman Bancorp Inc,,CULL,11.0952,,6306710.0,82169824.0,,Financial Services,,0.0
3133,,Cost U Less Inc,,CULS,,,,,,,,
3134,,Cu Bancorp,,CUNB,,,,,,,,
3135,,Cuno Inc,,CUNO,,,,,,,,
3136,,Continental Materials Corp,,CUO,,,,,,,,
3137,,Neuralstem Inc,,CUR,,,,,,,,
3138,,Curative Health Services Inc,,CURE,,,,,,,,
3139,,Virtus Oil & Gas Corp,,CURG,,,,,,,,
3140,16.18022407225324,Curon Medical Inc,-84.23376843712556,CURN,14.86,-1131684.0,4769890.0,95326008.0,30263518.0,Financial Services,90710774.0,13532885.0
3141,,Curaxis Pharmaceutical Corp,,CURX,,,,,,,,
3142,,Curatech Industries Inc,,CUTC,,,,,,,,
3143,7.08836348707619,Cutera Inc,424.57609311348205,CUTR,48.2,2062000.0,13876829.0,875475904.0,231270000.0,Healthcare,249661000.0,151296992.0
3144,-14.961130142389427,Cousins Properties Inc,18.545704263674413,CUZ,34.73,278586000.0,147999050.0,5166573568.0,761913000.0,Real Estate,184585000.0,2398818048.0
3145,,Central Vermont Public Service Corp,,CV,,,,,,,,
3146,,Covanta Holding Corp,,CVA,,,,,,,,
3147,,Mit Holding Inc,,CVAH,,,,,,,,
3148,,Chester Valley Bancorp Inc,,CVAL,,,,,,,,
3149,,Corvas International Inc,,CVAS,0.035,,,1312104.0,,Industrials,,3604971.0
3150,8.986290945560748,CVB Financial Corp,16.513652090852197,CVBF,24.88,212521000.0,133145142.0,3509497856.0,483535000.0,Financial Services,1822471000.0,625990016.0
3151,,Civitas Bankgroup Inc,,CVBG,,,,,,,,
3152,,Central Virginia Bankshares Inc,,CVBK,,,,,,,,
3153,,Cardiovascular Biotherapeutics Inc,,CVBT,,,,,,,,
3154,,Cablevision Systems Corp,,CVC,,,,,,,,
3155,85.3125045956907,Cavco Industries Inc,26.20696375544712,CVCO,219.2,76646000.0,8431812.0,2008658944.0,1108051000.0,Consumer Cyclical,744117000.0,24778000.0
3156,13.5984826046133,Central Valley Community Bancorp,6.92506996232527,CVCY,16.87,28401000.0,9807859.0,196678912.0,85859000.0,Financial Services,172862000.0,39490000.0
3157,,Covance Inc,,CVD,,,,,,,,
3158,,China Voip & Digital Telecom Inc,,CVDT,,,,,,,,
3159,,Castle Convertible Fund Inc,,CVF,,,,,,,,
3160,,Convergys Corp,,CVG,,,,,,,,
3161,4.7303445284480246,Commercial Vehicle Group Inc,9.329054441260745,CVGI,6.72,23732000.0,25470872.0,221397120.0,971578000.0,Consumer Cyclical,370676000.0,250190000.0
3162,1.0973264184499931,Calavo Growers Inc,-49.90387273650364,CVGW,33.32,-11818000.0,17063291.0,589763968.0,1055830000.0,Consumer Defensive,152641000.0,133917000.0
3163,,Coventry Health Care Inc,,CVH,,,,,,,,
3164,-8.900323739898303,CVR Energy Inc,140.0598016,CVI,34.83,25000000.0,29324776.0,3501495040.0,7242000000.0,Energy,1369000000.0,1630000000.0
3165,,Cavit Sciences Inc,,CVIT,,,,,,,,
3166,,Community Valley Bancorp,,CVLL,,,,,,,,
3167,,Commvault Systems Inc,-89.77004639141953,CVLT,62.3,-30954000.0,40166007.0,2778742016.0,723472000.0,Technology,,16048000.0
3168,54.05306344829864,Codorus Valley Bancorp Inc,15.144633603929327,CVLY,23.3,14659000.0,9085350.0,222005184.0,74802000.0,Financial Services,557881000.0,66790000.0
3169,0.7018349856483294,Cel Sci Corp,-4.118853659991551,CVM,3.49,-36711970.0,41642887.0,151211232.0,0.0,Healthcare,45271521.0,16045086.0
3170,,China Natural Gas Inc,,CVNI,,,,,,,,
3171,,Covansys Corp,,CVNS,,,,,,,,
3172,,Cenveo Inc,,CVO,,,,,,,,
3173,,Centerplate Inc,,CVP,,,,,,,,
3174,,China Vitup Health Care Holdings Inc,,CVPH,,,,,,,,
3175,26.18090401797831,Chicago Rivet & Machine Co,23.06671025405219,CVR,26.5845,1113472.0,736888.0,25684136.0,33974558.0,Industrials,19292394.0,0.0
3176,,CVR Refining LP,,CVRR,,,,,,,,
3177,-12.17384460208338,CVS Caremark Corp,16.254607826042985,CVS,98.05,7910000000.0,1306653927.0,128573947904.0,290912000000.0,Healthcare,60008000000.0,75915001856.0
3178,,Creative Vistas Inc,,CVSA,,,,,,,,
3179,,CVSL Inc,,CVSL,,,,,,,,
3180,,Covista Communications Inc,,CVST,0.0389,,,16396271.0,,Communication Services,,258433.0
3181,-0.278550182298837,Cvent Inc,-31.032265337654945,CVT,5.55,-86079000.0,59493797.0,2671226368.0,518811000.0,Technology,285187000.0,301759008.0
3182,,Covenant Transportation Group Inc,,CVTI,,,,,,,,
3183,,Tiptree Financial Inc,,CVTR,,,,,,,,
3184,,CV Therapeutics Inc,,CVTX,,,,,,,,
3185,,Cpi Aerostructures Inc,,CVU,,,,,,,,
3186,5.0969267766226904,CVD Equipment Corp,5.93294069190148,CVV,4.185,4746485.0,4526355.0,28160614.0,16446813.0,Industrials,23070500.0,0.0
3187,,China Valves Technology Inc,,CVVT,,,,,,,,
3188,2.4424963965954443,Chevron Corp,22.41832419328,CVX,178.28,15625000000.0,1803482623.0,350286315520.0,155606000000.0,Energy,33738000000.0,29333000192.0
3189,0.2274587282987659,Curtiss Wright Corp,20.792772304133493,CW,144.49,267159000.0,38103651.0,5554976256.0,2505931000.0,Industrials,1307808000.0,1299140992.0
3190,,Coastway Bancorp Inc,,CWAY,,,,,,,,
3191,23.87114797289046,Community West Bancshares,9.04663338676437,CWBC,13.65,13101000.0,5838387.0,118519944.0,46308000.0,Financial Services,234301000.0,94932000.0
3192,,Commonwealth Bankshares Inc,,CWBS,,,,,,,,
3193,5.162495695046226,Consolidated Water Co LTD,239.8672969543582,CWCO,13.74,875579.0,14370073.0,210022768.0,66863502.0,Utilities,76934722.0,2749282.0
3194,,Uranium Power Corp,,CWCP,,,,,,,,
3195,,Ugods Inc,,CWDK,,,,,,,,
3196,,Clayton Williams Energy Inc,,CWEI,,,,,,,,
3197,,K-care Nutritional Products Inc,,CWEY,,,,,,,,
3198,,Crimson Wine Group LTD,,CWGL,7.5,,13618927.0,168582000.0,,Consumer Defensive,,19645000.0
3199,-42.48156395927347,Commonwealth REIT,4.105215911743476,CWH,27.42,278461000.0,30165696.0,1143142528.0,6913754000.0,Consumer Cyclical,2283877000.0,3565362944.0
3200,,Chartwell International Inc,,CWII,,,,,,,,
3201,,Central Wireless Inc,,CWIR,1e-06,,,1954.0,,Communication Services,,2006123.0
3202,,Crowley Maritime Corp,,CWLM,,,,,,,,
3203,,Cowlitz Bancorporation,,CWLZ,,,,,,,,
3204,,Crown American Realty Trust,,CWN,,,,,,,,
3205,,Onelife Health Products Inc,,CWOI,,,,,,,,
3206,,Choice One Communications Inc,,CWON,,,,,,,,
3207,,Cornerworld Corp,,CWRL,,,,,,,,
3208,-9.810829471198167,Casella Waste Systems Inc,91.47965041362531,CWST,72.81,41100000.0,50010549.0,3759813632.0,889211000.0,Industrials,146479000.0,637123968.0
3209,-15.219172876738682,California Water Service Group,28.570810066749072,CWT,53.73,101125000.0,53247638.0,2889223168.0,790909000.0,Utilities,300458000.0,1110843008.0
3210,,Uonlive Corp,,CWTD,,,,,,,,
3211,,Coldwater Creek Inc,,CWTR,,,,,,,,
3212,,Colorado Wyoming Reserve Co,,CWYR,,,,,,,,
3213,,China XD Plastics Co LTD,,CXDC,0.0038,,34683927.0,268085.0,,Basic Materials,,1386311552.0
3214,,MFS High Income Municipal Trust,10.45571245287989,CXE,4.18,12603430.0,,131777840.0,10408663.0,Financial Services,6186726.0,97304968.0
3215,,CNX Gas Corp,,CXG,,,,,,,,
3216,,MFS Investment Grade Municipal Trust,14.784254024455432,CXH,8.03,4948185.0,,73155224.0,5462257.0,Financial Services,7905713.0,52371144.0
3217,,Commodore Applied Technologies Inc,,CXII,,,,,,,,
3218,,Concho Resources Inc,,CXO,,,,,,,,
3219,,Columbia Property Trust Inc,,CXP,,,,,,,,
3220,,Crosspoint Energy Co,,CXPE,,,,,,,,
3221,,Crimson Exploration Inc,,CXPO,,,,,,,,
3222,,Cox Radio Inc,,CXR,,,,,,,,
3223,,Crexus Investment Corp,,CXS,,,,,,,,
3224,,Counsel Corp,,CXSN,,,,,,,,
3225,,China Expert Technology Inc,,CXTI,,,,,,,,
3226,-7.800311344110571,Corrections Corp Of America,-30.459168182518884,CXW,13.0,-51896000.0,119582156.0,1580708992.0,1862616000.0,Real Estate,627384000.0,1560162048.0
3227,,Cypress Semiconductor Corp,,CY,,,,,,,,
3228,2.3829562149725945,Cyberads Inc,-1.8152242003621002,CYAD,2.13,-26512000.0,13385055.0,48125224.0,0.0,Healthcare,34292000.0,2396000.0
3229,1.4805900876147118,Cyanotech Corp,19.65975652173913,CYAN,2.92,920000.0,4505636.0,18086976.0,32345000.0,Consumer Defensive,15106000.0,8435000.0
3230,,Cyber Digital Inc,,CYBD,1e-06,,,1408.0,,Technology,,2375676.0
3231,10.175680524045424,Cyberoptics Corp,25.61762748019763,CYBE,44.12,12751000.0,6591795.0,326650368.0,92774000.0,Technology,70106000.0,3030000.0
3232,,Cybex International Inc,,CYBI,,,,,,,,
3233,,County Bank Corp,,CYBK,,,,,,,,
3234,,Cyberlux Corp,,CYBL,0.0134,,,1799392.0,,Technology,,9629187.0
3235,,Cybersource Corp,,CYBS,,,,,,,,
3236,,Cyberspace Vita Inc,,CYBV,,,,,,,,
3237,,Cyberonics Inc,,CYBX,,,,,,,,
3238,5.322213906782256,Cyclacel Pharmaceuticals Inc,-0.6403313390162546,CYCC,1.21,-18887000.0,7689845.0,12093938.0,0.0,Healthcare,40942000.0,15000.0
3239,,Centennial Communications Corp,,CYCL,,,,,,,,
3240,,Cyberdefender Corp,,CYDE,,,,,,,,
3241,,Cyber Defense Systems Inc,,CYDF,,,,,,,,
3242,,Cybrdi Inc,,CYDI,,,,,,,,
3243,,Cygne Designs Inc,,CYDS,,,,,,,,
3244,0.14194409787210766,Cytodyn Inc,-1.578990651305326,CYDY,0.34,-154674000.0,657618044.0,244228800.0,0.0,Healthcare,129581000.0,36236000.0
3245,,Blackrock Corporate High Yield Fund Inc,,CYE,,,,,,,,
3246,,Rok Entertainment Group Inc,,CYFD,,,,,,,,
3247,,Cygene Laboratories Inc,,CYGE,,,,,,,,
3248,,Ecolocap Solutions Inc,,CYGI,,,,,,,,
3249,,Cygnus Inc,,CYGN,,,,,,,,
3250,,Cytogenix Inc,,CYGX,,,,,,,,
3251,-83.22186645891011,Community Health Systems Inc,3.103818295652174,CYH,5.3,230000000.0,113491810.0,713878208.0,12368000000.0,Healthcare,3479000000.0,12924000256.0
3252,,Spindle Inc,,CYHF,,,,,,,,
3253,,China Yct International Group Inc,,CYIG,,,,,,,,
3254,,Digital Development Partners Inc,,CYIM,,,,,,,,
3255,,Cyios Corp,,CYIO,0.06,,,4680312.0,,Financial Services,,29555.0
3256,,Cyberkinetics Neurotechnology Systems Inc,,CYKN,,,,,,,,
3257,,Cyalume Technologies Holdings Inc,,CYLU,,,,,,,,
3258,,Cymer Inc,,CYMI,,,,,,,,
3259,1.65470255428556,City National Corp,-6.456610905607249,CYN,1.63,-7799529.0,13140465.0,50358524.0,0.0,Technology,22521285.0,777724.0
3260,,City National Bancshares Corp,,CYNBP,,,,,,,,
3261,,Cyan Inc,,CYNI,,,,,,,,
3262,,Cynosure Inc,,CYNO,,,,,,,,
3263,,Cellynx Group Inc,,CYNX,,,,,,,,
3264,,Cyop Systems International Inc,,CYOS,,,,,,,,
3265,,Cypress Bioscience Inc,,CYPB,,,,,,,,
3266,,Cyclone Power Technologies Inc,,CYPW,,,,,,,,
3267,,Cybra Corp,,CYRP,0.0004,,,1325403.0,,Technology,,1460000.0
3268,,Intellihome Inc,,CYRS,,,,,,,,
3269,5.539973288217168,Cryoport Inc,-4.698793647106646,CYRX,26.22,-275528000.0,48502940.0,1294649216.0,222608000.0,Industrials,693516000.0,424811008.0
3270,,Cys Investments Inc,,CYS,,,,,,,,
3271,,CRC Crystal Research Corp,,CYSA,,,,,,,,
3272,,Cape Systems Group Inc,,CYSG,,,,,,,,
3273,18.30473279031309,Cytec Industries Inc,-1.7063160993210844,CYT,2.03,-42126000.0,10382670.0,71880272.0,0.0,Healthcare,193077000.0,3025000.0
3274,,Cytta Corp,,CYTA,,,,,,,,
3275,,Cytyc Corp,,CYTC,,,,,,,,
3276,2.486635275320036,Cytokinetics Inc,-16.655941592279184,CYTK,41.87,-215314000.0,84934447.0,3586257408.0,70428000.0,Healthcare,535672000.0,324471008.0
3277,0.23372581184314817,Cytogen Corp,-0.67125437445508,CYTO,0.75,-17390166.0,13623506.0,11673225.0,63882.0,Healthcare,3759901.0,575736.0
3278,0.4561702815609258,Cytrx Corp,-0.4620033160140773,CYTR,0.14,-13176663.0,17344168.0,6087662.0,0.0,Healthcare,8279985.0,368091.0
3279,,Cytori Therapeutics Inc,,CYTX,,,,,,,,
3280,,Seaena Inc,,CYXG,,,,,,,,
3281,,China Yingxia International Inc,,CYXI,,,,,,,,
3282,,China Yongxin Pharmaceuticals Inc,,CYXN,,,,,,,,
3283,,Citizens Bancshares Corp,,CZBS,10.46,0.0,1066089.0,23711984.0,0.0,Financial Services,264908463.0,5214937.0
3284,,Citizens Bancorp Of Virginia Inc,,CZBT,28.35,,1814877.0,65546620.0,,Financial Services,,7547259.0
3285,,Citizens First Corp,,CZFC,,,,,,,,
3286,36.492310192734614,Citizens Financial Services Inc,8.929152826430387,CZFS,66.0,29118000.0,3519399.0,259999072.0,75604000.0,Financial Services,196645000.0,68214000.0
3287,3.034115316274331,Citizens & Northern Corp,12.451800746219808,CZNC,24.38,30554000.0,14880120.0,380452320.0,100159000.0,Financial Services,115971000.0,70823000.0
3288,-99.31346531460647,Caesars Entertainment Corp,-10.855039120706575,CZR,51.6,-1019000000.0,204816128.0,11061284864.0,9571000000.0,Consumer Cyclical,5964000000.0,26304999424.0
3289,-99.31346531460647,Park Place Entertainment Corp,-10.855039120706575,CZR,51.6,-1019000000.0,204816128.0,11061284864.0,9571000000.0,Consumer Cyclical,5964000000.0,26304999424.0
3290,-14.268109467952883,Citizens Community Bancorp,6.601251951471833,CZWI,13.33,21266000.0,7954803.0,140382224.0,69491000.0,Financial Services,61196000.0,174696000.0
3291,-14.268109467952883,Citizens Community Bancorp Inc,6.601251951471833,CZWI,13.33,21266000.0,7954803.0,140382224.0,69491000.0,Financial Services,61196000.0,174696000.0
3292,-43.03004060231898,Dominion Resources Inc,21.012091328467154,D,85.16,3288000000.0,809899307.0,69087756288.0,13964000000.0,Utilities,7269000000.0,42119000064.0
3293,,Dac Technologies Group International Inc,,DAAT,0.1,,,749550.0,,Consumer Cyclical,,15035.0
3294,,Dave & Busters Inc,,DAB,,,,,,,,
3295,,Dade Behring Holdings Inc,,DADE,,,,,,,,
3296,,Davi Luxury Brand Group Inc,,DAFX,,,,,,,,
3297,,Powershares DB Agriculture Fund,,DAG,,,,,,,,
3298,,Manhattan Bridge Capital Inc,,DAGM,,,,,,,,
3299,3.4704558025614034,Data I,-51.12345585585586,DAIO,3.29,-555000.0,6486756.0,28373518.0,25835000.0,Technology,25273000.0,2761000.0
3300,,American Magna Corp,,DAKO,,,,,,,,
3301,,Dakota Plains Holdings Inc,,DAKP,,,,,,,,
3302,7.061401468211289,Daktronics Inc,14.190045030203185,DAKT,3.41,10926000.0,37528386.0,155040432.0,482033000.0,Technology,265003000.0,0.0
3303,-29.362012621727423,Delta Air Lines Inc,96.68528274285714,DAL,42.23,280000000.0,635515071.0,27071879168.0,29899000000.0,Industrials,15940000000.0,34600001536.0
3304,12.885451030776098,Daleen Technologies Inc,-76.56238115631692,DALN,6.68,-467000.0,4501123.0,35754632.0,154374000.0,Communication Services,76528000.0,18529000.0
3305,,Pulse Beverage Corp,,DAML,,,,,,,,
3306,4.580304871454435,Dana Holding Corp,11.930861807106599,DAN,16.23,197000000.0,142130263.0,2350379776.0,8945000000.0,Consumer Cyclical,3586000000.0,2935000064.0
3307,,Danka Business Systems PLC,,DANKY,,,,,,,,
3308,,Daou Systems Inc,,DAOU,,,,,,,,
3309,,Lasalle Brands Corp,,DAQC,,,,,,,,
3310,-4.9601193068443274,Darling International Inc,44.43527423783518,DAR,81.66,296819000.0,159499986.0,13189233664.0,3571923000.0,Consumer Defensive,1089014000.0,1880152960.0
3311,,Dara Biosciences Inc,,DARA,,,,,,,,
3312,,Datatrak International Inc,,DATA,,,,,,,,
3313,,Tableau Software Inc,,DATA,,,,,,,,
3314,,Datatec Systems Inc,,DATC,,,,,,,,
3315,,Qingdao Footwear Inc,,DATI,0.0668,,,1098626.0,,Communication Services,,
3316,-0.3787985719264014,Famous Daves Of America Inc,-42.97988776071625,DAVE,2.31,-19993000.0,150935078.0,859296896.0,153013000.0,Technology,100203000.0,157376992.0
3317,,Davel Communications Inc,,DAVL,,,,,,,,
3318,,Davi Skin Inc,,DAVN,,,,,,,,
3319,,Yarraman Winery Inc,,DAZZ,,,,,,,,
3320,,Deer Bay Resources Inc,,DBAY,,,,,,,,
3321,-6.879641541584554,Diebold Inc,-3.156743959390863,DBD,3.15,-78800000.0,67489000.0,248751424.0,3905200000.0,Technology,1887300000.0,2351600128.0
3322,,Doubleline Opportunistic Credit Fund,,DBL,16.0,,,249488000.0,,Financial Services,,
3323,,Double Eagle Petroleum Co,,DBLE,,,,,,,,
3324,,Daybreak Oil & Gas Inc,,DBRM,0.04675,,52642399.0,3173446.0,,Energy,,3229462.0
3325,,Dress Barn Inc,,DBRN,,,,,,,,
3326,,Dynamic Biometric Systems Inc,,DBSI,,,,,,,,
3327,,Debut Broadcasting Corporation Inc,,DBTB,,,,,,,,
3328,,Double-take Software Inc,,DBTK,,,,,,,,
3329,,Disability Access Corp,,DBYC,,,,,,,,
3330,,Virtus Total Return Fund,,DCA,,,,,,,,
3331,,Dialysis Corp Of America,,DCAI,,,,,,,,
3332,,DCB Financial Corp,,DCBF,,,,,,,,
3333,,DC Brands International Inc,,DCBR,,,,,,,,
3334,,Digital Creative Development Corp,,DCDC,,,,,,,,
3335,,Dot Com Entertainment Group Inc,,DCEG,,,,,,,,
3336,,Dobson Communications Corp,,DCEL,,,,,,,,
3337,,Dreyfus California Municipal Income Inc,,DCG,,,,,,,,
3338,,Norman Cay Development Inc,,DCGD,,,,,,,,
3339,5.094455699469093,Donaldson Co Inc,22.59703166260021,DCI,52.47,286900000.0,122917940.0,6483088384.0,2853900000.0,Industrials,1244000000.0,617800000.0
3340,,Digital Cinema Destinations Corp,,DCIN,,,,,,,,
3341,,Doubleclick Inc,,DCLK,,,,,,,,
3342,,DLR Funding Inc,,DCME,,,,,,,,
3343,,Ophthalix Inc,,DCMG,,,,,,,,
3344,,Document Capture Technologies Inc,,DCMT,,,,,,,,
3345,,Docent Inc,,DCNT,,,,,,,,
3346,,Ducommun Inc,,DCO,44.14,,10964602.0,531149856.0,,Industrials,,294673984.0
3347,3.500694829453119,Dime Community Bancshares Inc,11.988656794492096,DCOM,31.77,103996000.0,32941177.0,1246772352.0,393465000.0,Financial Services,489406000.0,374088992.0
3348,-40.505031706507516,Dyncorp International Inc,19.266102997442456,DCP,36.15,391000000.0,91001035.0,7533046272.0,11325000000.0,Energy,1749000000.0,5434999808.0
3349,,Decor Products International Inc,,DCRD,9.92,,31625000.0,392149504.0,,Financial Services,,0.0
3350,,Diacrin Inc,,DCRN,,,,,,,,
3351,5.66504393456462,DCT Industrial Trust Inc,-150.28414151556316,DCT,19.2,-16931000.0,75547693.0,2544460800.0,260350000.0,Technology,451071000.0,23090000.0
3352,2.165568053319979,Delcath Systems Inc,-1.405695660649538,DCTH,4.56,-25649000.0,6833311.0,36054688.0,3555000.0,Healthcare,31152000.0,16354000.0
3353,,Consonus Technologies Inc,,DCTI,,,,,,,,
3354,,Documentum Inc,,DCTM,,,,,,,,
3355,,Envirostar Inc,,DCU,,,,,,,,
3356,,Dicut Inc,,DCUT,,,,,,,,
3357,,Dividend Capital Strategic Global Realty Fund,,DCW,,,,,,,,
3358,,Decorize Inc,,DCZI,,,,,,,,
3359,-6.702918030119412,Dupont E I De Nemours & Co,5.375430284212154,DD,68.36,6467000000.0,507092504.0,34762907648.0,16653000000.0,Basic Materials,8065000000.0,11463999488.0
3360,,Double Crown Resources Inc,,DDCC,,,,,,,,
3361,4.183656876634723,3D Systems Corp,4.573234931004931,DDD,11.3,322052000.0,126831864.0,1472819456.0,615639000.0,Technology,1031737000.0,501116000.0
3362,4.183656876634723,Scolr Pharma Inc,4.573234931004931,DDD,11.3,322052000.0,126831864.0,1472819456.0,615639000.0,Technology,1031737000.0,501116000.0
3363,,Deltathree Inc,,DDDC,,,,,,,,
3364,,3DX Industries Inc,,DDDX,0.0625,,15394466.0,2841337.0,,Technology,,1586210.0
3365,,Dover Downs Gaming & Entertainment Inc,,DDE,,,,,,,,
3366,,Delaware Investments Dividend & Income Fund Inc,5.621699159976801,DDF,9.81,13281657.0,,74665480.0,3310542.0,Financial Services,1274479.0,29500000.0
3367,,Ddi Corp,,DDIC,,,,,,,,
3368,,Digital Domain Media Group Inc,,DDMG,,,,,,,,
3369,,Dynamex Inc,,DDMX,,,,,,,,
3370,,Discount Dental Materials Inc,,DDOO,,,,,,,,
3371,,DDR Corp,,DDR,,,,,,,,
3372,,Diedrich Coffee Inc,,DDRX,,,,,,,,
3373,134.50154079301535,Dillards Inc,-76.8913688558908,DDS,302.37,-71654000.0,9730379.0,5509574144.0,4433185000.0,Consumer Cyclical,1914651000.0,605900032.0
3374,,DDS Technologies USA Inc,,DDSU,,,,,,,,
3375,,Data Domain Inc,,DDUP,,,,,,,,
3376,,Distinctive Devices Inc,,DDVS,,,,,,,,
3377,,Diadexus Inc,,DDXS,,,,,,,,
3378,,Diadexus Inc Pre-merger,,DDXS,,,,,,,,
3379,38.76432769286994,Deere & Co,18.558811830286768,DE,360.73,5963000000.0,278813085.0,110666194944.0,43956000000.0,Industrials,60340000000.0,49531998208.0
3380,,Dearborn Bancorp Inc,,DEAR,,,,,,,,
3381,,Deb Shops Inc,,DEBS,,,,,,,,
3382,,D&e Communications Inc,,DECC,,,,,,,,
3383,57.80934829382554,Deckers Outdoor Corp,19.357113036659477,DECK,271.85,382575000.0,26467311.0,7405547520.0,2545641000.0,Consumer Cyclical,1752128000.0,222070000.0
3384,,Petrohunter Energy Corp,,DECS,,,,,,,,
3385,,Superior Offshore International Inc,,DEEP,,,,,,,,
3386,,Deer Consumer Products Inc,,DEER,0.0001,,,3863139.0,,Consumer Cyclical,,0.0
3387,-26.53699900520822,Douglas Emmett Inc,90.43014963151363,DEI,28.57,65267000.0,170920190.0,5902104576.0,914543000.0,Real Estate,495690000.0,5031398912.0
3388,,Dei Holdings Inc,,DEIX,,,,,,,,
3389,,Dekania Corp,,DEK,,,,,,,,
3390,,Deltic Timber Corp,,DEL,,,,,,,,
3391,66.65537370103709,Dell Inc,11.413255719384615,DELL,49.58,3250000000.0,268710520.0,37093081088.0,86670000000.0,Technology,45033000000.0,27121999872.0
3392,,Denison International PLC,,DENHY,,,,,,,,
3393,-4.6665149197144284,Dennys Corp,8.244353054192871,DENN,10.43,78073000.0,59093993.0,643661376.0,398174000.0,Consumer Cyclical,69249000.0,345012000.0
3394,,Duncan Energy Partners LP,,DEP,,,,,,,,
3395,,Depomed Inc,,DEPO,,,,,,,,
3396,,Distributed Energy Systems Corp,,DESC,,,,,,,,
3397,,Destination Maternity Corp,,DEST,,,,,,,,
3398,,Devcon International Corp,,DEVC,,,,,,,,
3399,,Dewey Electronics Corp,3.493432146020827,DEWY,3.2,1251931.0,,4373536.0,4764201.0,Industrials,8549163.0,226946.0
3400,,Dex Media Inc,,DEX,8.24,,,92427256.0,,Financial Services,,
3401,,Delaware Enhanced Global Dividend & Income Fund,,DEX,8.24,,,92427256.0,,Financial Services,,
3402,,Dex One Corp,,DEXO,,,,,,,,
3403,,Deyu Agriculture Corp,,DEYU,,,,,,,,
3404,,Dean Foods Co,,DF,,,,,,,,
3405,,Dutchfork Bancshares Inc,,DFBS,,,,,,,,
3406,,Delta Financial Corp,,DFC,,,,,,,,
3407,,Delphi Financial Group Inc,,DFG,,,,,,,,
3408,,Cardiac Science Inc,,DFIB,,,,,,,,
3409,,Defense Industries International Inc,,DFNS,,,,,,,,
3410,,Flaherty & Crumrine Dynamic Preferred & Income Fund Inc,,DFP,23.69,,,477031328.0,,Financial Services,,
3411,,Del Friscos Restaurant Group Inc,,DFRG,,,,,,,,
3412,,Diversified Restaurant Holdings Inc,,DFRH,,,,,,,,
3413,,Deerfield Resources LTD,,DFRS,,,,,,,,
3414,293.427282674188,Lenox Group Inc,5.785331643971371,DFS,112.2,5449000000.0,279490029.0,31524272128.0,11869000000.0,Financial Services,99142000000.0,17132000256.0
3415,293.427282674188,Discover Financial Services,5.785331643971371,DFS,112.2,5449000000.0,279490029.0,31524272128.0,11869000000.0,Financial Services,99142000000.0,17132000256.0
3416,,Dupont Fabros Technology Inc,,DFT,,,,,,,,
3417,,Driftwood Ventures Inc,,DFTW,,,,,,,,
3418,,Barry R G Corp,,DFZ,,,,,,,,
3419,-38.88014103673404,Dollar General Corp,19.67944840511478,DG,228.38,2655050000.0,223982498.0,52249919488.0,33746839000.0,Consumer Defensive,6303843000.0,15012314112.0
3420,,Delta Natural Gas Co Inc,,DGAS,,,,,,,,
3421,,Decode Genetics Inc,,DGCN,,,,,,,,
3422,,Delaware Investments Global Dividend & Income Fund Inc,,DGF,,,,,,,,
3423,,Digitalglobe Inc,,DGI,,,,,,,,
3424,57.89650100545667,Donegal Group Inc,20.061441566055574,DGICA,15.99,25254174.0,15029489.0,506635136.0,816465791.0,Financial Services,905154825.0,35000000.0
3425,,Donegal Mutual Insurance Co,,DGICB,16.75,,15029489.0,506635584.0,,Financial Services,,35000000.0
3426,-1.2178008098171393,Digi International Inc,76.25511711364075,DGII,22.53,10366000.0,40719316.0,790460544.0,308632000.0,Technology,246658000.0,296246016.0
3427,,Digital Insight Corp,,DGIN,,,,,,,,
3428,,Digital Generation Inc,,DGIT,,,,,,,,
3429,,Dyna Group International Inc,,DGIX,0.44,,,7324768.0,,Consumer Cyclical,,
3430,,Digitalpost Interactive Inc,,DGLP,,,,,,,,
3431,1.1847552059302027,Digital Ally Inc,1.7011804899234952,DGLY,0.8945,25474508.0,44830845.0,43336736.0,21413434.0,Industrials,56144975.0,3031398.0
3432,,Diguang International Development Co LTD,,DGNG,0.0003,,,8829.0,,Technology,,15093924.0
3433,,Blue Water Petroleum Corp,,DGRN,,,,,,,,
3434,,Dgse Companies Inc,,DGSE,,,,,,,,
3435,,DGT Holdings Corp,,DGTC,,,,,,,,
3436,-16.493527659348903,Quest Diagnostics Inc,8.553231783458646,DGX,145.39,1995000000.0,116530563.0,17063697408.0,10788000000.0,Healthcare,2741000000.0,4663000064.0
3437,,Nyxio Technologies Corp,,DHBR,,,,,,,,
3438,,Diamondhead Casino Corp,,DHCC,0.36,,26793056.0,13067137.0,,Financial Services,,5042374.0
3439,,Dreyfus High Yield Strategies Fund,2.6311958230299326,DHF,2.54,70215490.0,,184750704.0,21814635.0,Financial Services,,
3440,,DWS High Income Opportunities Fund Inc,,DHG,,,,,,,,
3441,49.95565519640077,Horton D R Inc,6.304134197997988,DHI,74.78,4175800000.0,350178572.0,26324803584.0,27774200000.0,Consumer Cyclical,23205400000.0,5712000000.0
3442,33.26988052494029,Diamond Hill Investment Group Inc,7.682824705657065,DHIL,179.8,74200609.0,3056119.0,570070272.0,182193837.0,Financial Services,103549251.0,1872537.0
3443,,Dhanoa Minerals LTD,,DHNA,,,,,,,,
3444,,Dominion Homes Inc,,DHOM,,,,,,,,
3445,,Desert Health Products Inc,,DHPI,,,,,,,,
3446,-17.451688817000427,Danaher Corp,30.119499530545625,DHR,266.49,6433000000.0,643490680.0,193758740480.0,29453000000.0,Healthcare,11648000000.0,22877999104.0
3447,-0.5875481045344141,Dice Holdings Inc,-10.958411942707283,DHX,6.66,-29742000.0,29095490.0,325925088.0,119903000.0,Industrials,24456000.0,41551000.0
3448,,Credit Suisse High Yield Bond Fund,5.87059670726677,DHY,2.05,36146870.0,,212203696.0,21303327.0,Financial Services,8447412.0,82000000.0
3449,,Dial Global Inc,,DIAL,,,,,,,,
3450,,Digital Development Group Corp,,DIDG,,,,,,,,
3451,,Ediets Com Inc,,DIET,,,,,,,,
3452,,Veriteq,,DIGA,,,,,,,,
3453,,Digene Corp,,DIGE,,,,,,,,
3454,,Digital Fusion Inc,,DIGF,,,,,,,,
3455,,Digital Fusion Inc,,DIGF,,,,,,,,
3456,,Digital Impact Inc,,DIGI,0.005,,,353416.0,,Communication Services,,2740404.0
3457,,Digitiliti Inc,,DIGI,0.005,,,353416.0,,Communication Services,,2740404.0
3458,,Digital Lightwave Inc,,DIGL,,,,,,,,
3459,,Digex Inc,,DIGX,,,,,,,,
3460,,Decorator Industries Inc,,DII,,,,,,,,
3461,,Diagnostic Imaging International Corp,,DIIG,,,,,,,,
3462,,Diamond Information Institute,,DIII,,,,,,,,
3463,,Dyadic International Inc,,DIL,,,,,,,,
3464,,Diligent Board Member Services Inc,,DIL,,,,,,,,
3465,-8.0566428747064,Dimeco Inc,9.90218139223561,DIMC,46.5,11952000.0,2061901.0,118350872.0,36887000.0,Financial Services,31861000.0,48473000.0
3466,,China Xibolun Technology Holdings Corp,,DIMU,,,,,,,,
3467,-72.77704826562524,Dineequity Inc,13.022317992315866,DIN,76.08,97864000.0,16405941.0,1274416128.0,896167000.0,Consumer Cyclical,574353000.0,1768328960.0
3468,,Diomed Holdings Inc,,DIO,,,,,,,,
3469,20.91765519995665,Diodes Inc,15.307058291769211,DIOD,77.39,228763000.0,44179426.0,3501688576.0,1805162000.0,Technology,1187672000.0,263542000.0
3470,,Dionics Inc,,DION,0.0001,,,957666.0,,Technology,,667324.0
3471,,Direct Insite Corp,,DIRI,,,,,,,,
3472,,Directview Holdings Inc,,DIRV,0.0001,,2236899.0,224.0,,Industrials,,7660699.0
3473,-10.095810981996499,Walt Disney Co,99.81162365112782,DIS,109.32,1995000000.0,1819170458.0,199124189184.0,67418000000.0,Communication Services,33657000000.0,52023001088.0
3474,,Discovery Holding Co,,DISC,,,,,,,,
3475,,Discovery Communications Inc,,DISCA,,,,,,,,
3476,-68.36956173604284,Dish Network Corp,4.902796927955292,DISH,22.3,2410642000.0,233224221.0,11818888192.0,17881106000.0,Communication Services,7523182000.0,23468619776.0
3477,,Image Entertainment Inc,,DISK,,,,,,,,
3478,477.1432551548558,Amcon Distributing Co,6.169804117202248,DIT,164.01,15545265.0,166542.0,95911240.0,1268478581.0,Consumer Defensive,136574964.0,57110572.0
3479,,Ditech Networks Inc,,DITC,,,,,,,,
3480,,Hancock John Patriot Select Dividend Trust,,DIV,,,,,,,,
3481,,Divall Insured Income Properties 2 Limited Partnership,,DIVALL,,,,,,,,
3482,,Divx Inc,,DIVX,,,,,,,,
3483,,Dow Jones & Co Inc,,DJ,,,,,,,,
3484,249.38449873019917,Daily Journal Corp,3.39953119574845,DJCO,277.97,112900000.0,1185619.0,383807072.0,49389000.0,Technology,372336000.0,76661000.0
3485,,Dijji Corp,,DJJI,,,,,,,,
3486,,Djo Inc,,DJO,,,,,,,,
3487,,Dale Jarrett Racing Adventure Inc,,DJRT,,,,,,,,
3488,,Chardan 2008 China Acquisition Corp,,DJSP,,,,,,,,
3489,,Trump Hotels & Casino Resorts Inc,,DJTE,,,,,,,,
3490,3.1797522994590395,Delek US Holdings Inc,-10.290197385749385,DK,29.6,-203500000.0,65885605.0,2094055168.0,10648200000.0,Energy,2935200000.0,2725700096.0
3491,,Drinks Americas Holdings LTD,,DKAM,1e-06,,,2782.0,,Consumer Defensive,,3680445.0
3492,,Datakey Inc,,DKEY,,,,,,,,
3493,,D & K Healthcare Resources Inc,,DKHR,,,,,,,,
3494,,American Retail Group Inc,,DKII,,,,,,,,
3495,,Drucker Inc,,DKIN,,,,,,,,
3496,-103.3887669908947,Delek Logistics Partners LP,14.973775830896361,DKL,56.77,164822000.0,8720406.0,2468007680.0,700902000.0,Energy,23033000.0,924625024.0
3497,,Forefront Holdings Inc,,DKMI,,,,,,,,
3498,,Duke Mountain Resources Inc,,DKMR,,,,,,,,
3499,10.83295866761585,Dicks Sporting Goods Inc,12.863081370897934,DKS,84.7,530251000.0,54214995.0,6820661760.0,9584019000.0,Consumer Cyclical,5106656000.0,4519347200.0
3500,,Dial Corp,,DL,,,,,,,,
3501,7.004500121542093,Delta Apparel Inc,9.997389042175799,DLA,29.2,20296000.0,5874508.0,202907008.0,436750000.0,Consumer Cyclical,242963000.0,201815008.0
3502,26.434182951239205,Dolby Laboratories Inc,25.47198143295071,DLB,78.32,310227000.0,64193170.0,7902096384.0,1281256000.0,Technology,1760498000.0,63604000.0
3503,,Dialogic Inc,,DLGC,,,,,,,,
3504,,Dialog Group Inc,,DLGG,,,,,,,,
3505,,Datalogic International Inc,,DLGI,,,,,,,,
3506,,Del Laboratories Inc,,DLI,,,,,,,,
3507,,Delias Inc,,DLIA,,,,,,,,
3508,,Delia S Corp,,DLIA,,,,,,,,
3509,,Delias Inc,,DLIA,,,,,,,,
3510,,Flint Telecom Group Inc,,DLK,,,,,,,,
3511,,Handeni Gold Inc,,DLKM,,,,,,,,
3512,,Havana Republic Inc,,DLKR,,,,,,,,
3513,,DFC Global Corp,,DLLR,,,,,,,,
3514,,Del Monte Foods Co,,DLM,,,,,,,,
3515,,Delanco Bancorp Inc,,DLNO,,,,,,,,
3516,,Delanco Bancorp Inc,,DLNO,,,,,,,,
3517,,Daleco Resources Corp,,DLOV,,,,,,,,
3518,,Delta & Pine Land Co,,DLP,,,,,,,,
3519,,Dialpoint Communications Corp,,DLPC,,,,,,,,
3520,,Delphi Automotive PLC,,DLPH,,,,,,,,
3521,,Development Capital Group Inc,,DLPM,,,,,,,,
3522,,Delphax Technologies Inc,,DLPX,0.095,,,5138901.0,,Industrials,,12933000.0
3523,-50.993388801592694,Digital Realty Trust Inc,24.088901476019725,DLR,141.51,1709259000.0,284157105.0,41174171648.0,4426165000.0,Real Estate,1370591000.0,15860724736.0
3524,,Donlar Corp,,DLRC,,,,,,,,
3525,,Omega Commercial Finance Corp,,DLRI,,,,,,,,
3526,-19.437184769313447,Dollar Tree Inc,27.735838581116326,DLTR,165.0,1341900000.0,221405515.0,37218721792.0,25509300000.0,Consumer Defensive,5609200000.0,9912699904.0
3527,,Delta Mutual Inc,,DLTZ,,,,,,,,
3528,,Delta Woodside Industries Inc,,DLW,,,,,,,,
3529,-26.79154791182515,Deluxe Corp,16.754754075327703,DLX,24.41,62633000.0,42540020.0,1049400512.0,2022197000.0,Communication Services,620473000.0,1760185984.0
3530,,Dais Analytic Corp,,DLYT,0.9699,,7016942.0,9132016.0,,Industrials,,3437522.0
3531,1.676901816367926,Dolan Co,-2.738971731007681,DM,2.1,-240334000.0,223968390.0,658268032.0,112408000.0,Technology,402009000.0,26436000.0
3532,,Demandtec Inc,,DMAN,0.009,,,6079724.0,,Consumer Defensive,,345145.0
3533,,Datamarine International Inc,,DMAR,,,,,,,,
3534,,Familymeds Group Inc,,DMAX,,,,,,,,
3535,,Dreyfus Municipal Bond Infrastructure Fund Inc,,DMB,11.94,,,219684048.0,,Financial Services,,59890000.0
3536,,Document Security Systems Inc,,DMC,,,,,,,,
3537,,Detwiler Mitchell & Co,,DMCO,,,,,,,,
3538,,Datametrics Corp,,DMCP,,,,,,,,
3539,,Datamirror Corp,,DMCX,,,,,,,,
3540,,Demand Media Inc,,DMD,,,,,,,,
3541,,Diamond Discoveries International Corp,,DMDD,1e-05,,,627625.0,,Basic Materials,,1467753.0
3542,,RX For Africa Inc,,DMEC,,,,,,,,
3543,,Allegro Biodiesel Corp,,DMEDE,,,,,,,,
3544,,Dreyfus Municipal Income Inc,10.816511990548497,DMF,7.17,13759504.0,,148829840.0,10901190.0,Financial Services,4297708.0,67429592.0
3545,,Distribution Management Services Inc,,DMGM,,,,,,,,
3546,,Dmi Furniture Inc,,DMIF,,,,,,,,
3547,1.2899157749710437,Dorchester Minerals LP,17.09804735647097,DMLP,30.88,67826000.0,34769712.0,1159692160.0,89756000.0,Energy,46661000.0,1811000.0
3548,,Diamond Foods Inc,,DMND,,,,,,,,
3549,,Western Asset Mortgage Defined Opportunity Fund Inc,,DMO,12.05,,,138156864.0,,Financial Services,,84919000.0
3550,,Delmar Pharmaceuticals Inc,,DMPI,,,,,,,,
3551,3.4457666436379197,Digimarc Corp,-9.649469777611554,DMRC,16.82,-34759000.0,10649009.0,335405920.0,26520000.0,Technology,44011000.0,7317000.0
3552,3.4457666436379197,Digimarc Corp,-9.649469777611554,DMRC,16.82,-34759000.0,10649009.0,335405920.0,26520000.0,Technology,44011000.0,7317000.0
3553,,Dermisonics Inc,,DMSI,,,,,,,,
3554,,I Trax Inc,,DMX,,,,,,,,
3555,3.4381470396003864,Genentech Inc,-3.116321274808789,DNA,3.21,-1830047000.0,493212181.0,5703014400.0,313837000.0,Healthcare,1723045000.0,27309000.0
3556,,Dnaprint Genomics Inc,,DNAP,,,,,,,,
3557,,Dna Precious Metals Inc,,DNAP,,,,,,,,
3558,,Dna Brands Inc,,DNAX,0.0241,,,33982.0,,Consumer Defensive,,1997646.0
3559,-14.737900132432395,Dun & Bradstreet Corp,-105.82615832635983,DNB,17.48,-71700000.0,208910365.0,7587735552.0,2165600000.0,Technology,718000000.0,3796900096.0
3560,,DNB Financial Corp,,DNBF,,,,,,,,
3561,,Danvers Bancorp Inc,,DNBK,,,,,,,,
3562,,Dendreon Corp,,DNDN,,,,,,,,
3563,,Techalt Inc,,DNDO,,,,,,,,
3564,,DND Technologies Inc,,DNDT,0.022,,,13116.0,,Consumer Defensive,,360000.0
3565,,Dune Energy Inc,,DNE,,,,,,,,
3566,,Digitalnet Holdings Inc,,DNET,,,,,,,,
3567,,Dionex Corp,,DNEX,,,,,,,,
3568,,Dividend & Income Fund,,DNI,,,,,,,,
3569,,Denia Enterprises Inc,,DNIA,,,,,,,,
3570,,Dunkin Brands Group Inc,,DNKN,,,,,,,,
3571,,Donnkenny Inc,,DNKY,,,,,,,,
3572,,Dreyfus New York Municipal Income Inc,,DNM,,,,,,,,
3573,,Donini Inc,,DNNI,,,,,,,,
3574,,United States Short Oil Fund LP,,DNO,,,,,,,,
3575,,DNP Select Income Fund Inc,7.537569630425129,DNP,11.44,521288825.0,,3929250816.0,129790488.0,Financial Services,54012144.0,1102741248.0
3576,,Denbury Resources Inc,,DNR,,,,,,,,
3577,,Value Consulting Inc,,DNRI,,,,,,,,
3578,,Playlogic Entertainment Inc,,DNRR,,,,,,,,
3579,,Geovax Labs Inc,,DNTK,,,,,,,,
3580,,Dyntek Inc,,DNTK,,,,,,,,
3581,,Denali Fund Inc,,DNY,,,,,,,,
3582,,Diamond Offshore Drilling Inc,,DO,8.1,,81847297.0,,,Energy,,469224000.0
3583,,Dobi Medical International Inc,,DOBI,,,,,,,,
3584,-8.50633884576192,Digital Angel Corp,48.719902244983025,DOC,18.57,83965000.0,222576247.0,4090766592.0,456129000.0,Real Estate,124018000.0,2017326976.0
3585,-8.50633884576192,Physicians Realty Trust,48.719902244983025,DOC,18.57,83965000.0,222576247.0,4090766592.0,456129000.0,Real Estate,124018000.0,2017326976.0
3586,,Docucorp International Inc,,DOCC,,,,,,,,
3587,,Document Sciences Corp,,DOCX,,,,,,,,
3588,,Delta Oil & Gas Inc,,DOIG,,,,,,,,
3589,-2.938644304534931,Dole Food Co Inc,-136.94772129103754,DOLE,10.42,-7219000.0,74104563.0,988625600.0,6454402000.0,Consumer Defensive,1641335000.0,1859101952.0
3590,,Middleton Doll Co,,DOLL,,,,,,,,
3591,,Dolat Ventures Inc,,DOLV,,,,,,,,
3592,,Domark International Inc,,DOMK,,,,,,,,
3593,,Domain Registration Corp,,DOMR,1e-06,,,7.0,,Financial Services,,0.0
3594,2.329270815385468,Masonite International Corp,31.926003737126468,DOOR,92.69,69037000.0,21526469.0,2204075520.0,2257075000.0,Industrials,1134126000.0,1083985024.0
3595,30.722726445708084,Dorman Products Inc,24.345605449624426,DORM,101.26,131532000.0,24683389.0,3202226176.0,1345249000.0,Consumer Cyclical,1076582000.0,318240992.0
3596,,Dotronix Inc,,DOTX,,,,,,,,
3597,-0.23481509840682901,Dover Corp,17.23871741509746,DOV,134.55,1123818000.0,143487298.0,19373180928.0,7907081000.0,Industrials,3061709000.0,3095401984.0
3598,,Dov Pharmaceutical Inc,,DOVP,,,,,,,,
3599,,Dover Saddlery Inc,,DOVR,,,,,,,,
3600,,Dover Investments Corp,,DOVRA,,,,,,,,
3601,6.719014144820228,Chiksan Tool Co,8.093446774203771,DOW,69.06,6311000000.0,726594671.0,51077742592.0,54968000000.0,Basic Materials,20848000000.0,15966000128.0
3602,6.719014144820228,Dow Chemical Co,8.093446774203771,DOW,69.06,6311000000.0,726594671.0,51077742592.0,54968000000.0,Basic Materials,20848000000.0,15966000128.0
3603,,Diagnostic Products Corp,,DP,,,,,,,,
3604,,DT Sale Corp,,DPAC,,,,,,,,
3605,,Dow 30 Premium & Dividend Income Fund Inc,,DPD,,,,,,,,
3606,,Dolphin Digital Media Inc,,DPDM,,,,,,,,
3607,1.52566771932693,Deep Down Inc,3.6751251074806537,DPDW,0.69,2326000.0,5944938.0,8548341.0,17233000.0,Energy,10964000.0,1894000.0
3608,,Deep Field Technologies Inc,,DPFD,,,,,,,,
3609,,Duff & Phelps Global Utility Income Fund Inc,,DPG,15.59,,,592301504.0,,Financial Services,,
3610,,Delphi Corp,,DPH,,,,,,,,
3611,,DPL Inc,,DPL,,,,,,,,
3612,,DCP Midstream Partners LP,,DPM,,,,,,,,
3613,,Dupont Photomasks Inc,,DPMI,,,,,,,,
3614,,Dow 30 Enhanced Premium & Income Fund Inc,,DPO,,,,,,,,
3615,,DR Pepper Snapple Group Inc,,DPS,,,,,,,,
3616,3.129943737413582,Decisionpoint Systems Inc,53.5195756718529,DPSI,5.4,1414000.0,6020875.0,75676680.0,65943000.0,Technology,19334000.0,489000.0
3617,,Par Petroleum Corp,,DPTR,,,,,,,,
3618,,Delta Exploration Company Inc,,DPTR,,,,,,,,
3619,,Digital Power Corp,,DPW,,,,,,,,
3620,,Global Pay Solutions Inc,,DPWI,,,,,,,,
3621,,Diamond Powersports Inc,,DPWS,,,,,,,,
3622,-131.1085444959582,Dominos Pizza Inc,27.080614342473783,DPZ,365.91,491296000.0,33689161.0,13304597504.0,4117411000.0,Consumer Cyclical,860540000.0,5277476864.0
3623,,Dqe Inc,,DQE,,,,,,,,
3624,,Duquesne Light Co,,DQU,,,,,,,,
3625,,Darwin Professional Underwriters Inc,,DR,,,,,,,,
3626,,Digirad Corp,,DRAD,,,,,,,,
3627,,Culbro Corp,,DRAM,,,,,,,,
3628,,Dataram Corp,,DRAM,,,,,,,,
3629,,Dresser-rand Group Inc,,DRC,,,,,,,,
3630,,DRC Eneroy Inc,,DRCE,,,,,,,,
3631,,Dynamics Research Corp,,DRCO,,,,,,,,
3632,,Direct General Corp,,DRCT,1.62,-1507097.0,2529996.0,,38136862.0,Communication Services,13781059.0,27200972.0
3633,64.20997989005258,Duane Reade Inc,0.4027775262170984,DRD,6.7,1439900000.0,40887725.0,579959360.0,5269000000.0,Basic Materials,2672700000.0,47300000.0
3634,64.20997989005258,Duane Reade,0.4027775262170984,DRD,6.7,1439900000.0,40887725.0,579959360.0,5269000000.0,Basic Materials,2672700000.0,47300000.0
3635,-8.445852698832793,Duke Realty Corp,23.854057158266844,DRE,53.42,852895000.0,383716973.0,20345006080.0,1118621000.0,Real Estate,490747000.0,3731564032.0
3636,,Direct Response Financial Services Inc,,DRFL,,,,,,,,
3637,,Dragon International Group Corp,,DRGG,,,,,,,,
3638,,CN Dragon Corp,,DRGN,,,,,,,,
3639,,Dynamic Response Group Inc,,DRGP,,,,,,,,
3640,-4.662559307132859,Diamondrock Hospitality Co,-11.257081116638572,DRH,10.4,-194584000.0,207533005.0,2190447872.0,567134000.0,Real Estate,213120000.0,1180754944.0
3641,,High Performance Beverages Co,,DRHC,,,,,,,,
3642,-32.24842547372241,Darden Restaurants Inc,25.9941236548546,DRI,126.04,629300000.0,124145594.0,16358102016.0,7196100000.0,Consumer Cyclical,1871100000.0,5874599936.0
3643,,Diamond Resorts International Inc,,DRII,,,,,,,,
3644,,Digital River Inc,,DRIV,,,,,,,,
3645,,Doral Financial Corp,,DRL,,,,,,,,
3646,,Dreams Inc,,DRMS,,,,,,,,
3647,,Dicerna Pharmaceuticals Inc,,DRNA,,,,,,,,
3648,,Edgetech International Inc,,DRNE,,,,,,,,
3649,,Fuse Science Inc,,DROP,0.0132,,,1056000.0,,Technology,,0.0
3650,,DWS Advisor Funds,,DRP,,,,,,,,
3651,21.90119777742754,Dril-quip Inc,-8.79975299228101,DRQ,31.83,-127996000.0,33818470.0,1126333184.0,322945000.0,Energy,745549000.0,4884000.0
3652,,Dura Automotive Systems Inc,,DRRA,,,,,,,,
3653,0.31519460710934327,Durect Corp,-2.6122568868054596,DRRX,0.4164,-36265000.0,182214412.0,94733496.0,13977000.0,Healthcare,81737000.0,24304000.0
3654,,DRS Technologies Inc,,DRS,,,,,,,,
3655,,Debt Resolve Inc,,DRSV,,,,,,,,
3656,,Dendrite International Inc,,DRTE,,,,,,,,
3657,,Duratek Inc,,DRTK,,,,,,,,
3658,,Durata Therapeutics Inc,,DRTX,,,,,,,,
3659,3.7188609114401032,Dragon Pharmaceutical Inc,-1.4502800504417934,DRUG,1.05,-8650763.0,5388308.0,12546029.0,0.0,Healthcare,20038368.0,0.0
3660,,Clean Slate Inc,,DRWN,1e-06,,,4502.0,,Healthcare,,474400.0
3661,,Coinmach Service Corp,,DRY,,,,,,,,
3662,,Dreyers Grand Ice Cream Inc,,DRYR,,,,,,,,
3663,,Dreyers Grand Ice Cream Holdings Inc,,DRYR,,,,,,,,
3664,,Disaboom Inc,,DSBO,,,,,,,,
3665,,Derma Sciences Inc,,DSCI,,,,,,,,
3666,,Drugstore Com Inc,,DSCM,,,,,,,,
3667,,Discovery Laboratories Inc,,DSCO,,,,,,,,
3668,,Datascope Corp,,DSCP,,,,,,,,
3669,,Datascension Inc,,DSEN,,,,,,,,
3670,,Exp Realty International Corp,,DSETD,,,,,,,,
3671,,Defined Strategy Fund Inc,,DSF,,,,,,,,
3672,,Dsa Financial Corp,,DSFN,,,,,,,,
3673,,Gulf Resources Inc,,DSFX,,,,,,,,
3674,,Duska Therapeutics Inc,,DSKA,,,,,,,,
3675,,DS Healthcare Group Inc,,DSKX,,,,,,,,
3676,,Downey Financial Corp,,DSL,13.35,,,1361660032.0,,Financial Services,,
3677,,Doubleline Income Solutions Fund,,DSL,13.35,,,1361660032.0,,Financial Services,,
3678,,Dreyfus Strategic Municipal Bond Fund Inc,13.236944986116407,DSM,6.7,25015140.0,,331124032.0,22740027.0,Financial Services,8188125.0,139102272.0
3679,,JD International LTD,,DSNS,,,,,,,,
3680,0.48955183522214757,Destiny Media Technologies Inc,22.484154142561742,DSNY,0.839,382529.0,6760326.0,8600841.0,4172473.0,Technology,3309530.0,0.0
3681,24.664893107815885,SP Acquisition Holdings Inc,-10.466343580470163,DSP,6.01,-7742000.0,13569327.0,81030432.0,224127000.0,Technology,352186000.0,17500000.0
3682,,DSP Group Inc,,DSPG,,,,,,,,
3683,,Desert Mining Inc,,DSRM,,,,,,,,
3684,,DST Systems Inc,,DST,,,,,,,,
3685,,Daystar Technologies Inc,,DSTI,,,,,,,,
3686,,Datastream Systems Inc,,DSTM,,,,,,,,
3687,,Dualstar Technologies Corp,,DSTR,,,,,,,,
3688,,Blackrock Debt Strategies Fund Inc,12.996945473754083,DSU,9.59,34378490.0,,446815360.0,35577967.0,Financial Services,10820594.0,248000000.0
3689,,Dayton Superior Corp,,DSUP,,,,,,,,
3690,,DSW Inc,,DSW,,,,,,,,
3691,,Digitas Inc,,DTAS,,,,,,,,
3692,,Diatect International Corp,,DTCT,,,,,,,,
3693,-79.52136465879501,Dte Energy Co,28.685267969128997,DTE,134.3,907000000.0,192212501.0,26017538048.0,14964000000.0,Utilities,3317000000.0,18602000384.0
3694,,Prudential Pacific Growth Fund Inc,29.30816751271627,DTF,12.25,2938165.0,,86112232.0,5820708.0,Financial Services,5572771.0,64725104.0
3695,,DTF Tax-free Income Inc,29.30816751271627,DTF,12.25,2938165.0,,86112232.0,5820708.0,Financial Services,5572771.0,64725104.0
3696,,Dollar Thrifty Automotive Group Inc,,DTG,,,,,,,,
3697,,Digitalthink Inc,,DTHK,,,,,,,,
3698,,DT Industries Inc,,DTII,0.0014,,182924623.0,200698.0,,Industrials,,1165492.0
3699,,Brookfield Dtla Fund Office Trust Investor Inc,,DTLA,,,,,,,,
3700,,DTLL Inc,,DTLI,,,,,,,,
3701,,Datalink Corp,,DTLK,,,,,,,,
3702,,Vocalscape Networks Inc,,DTMI,,,,,,,,
3703,,Del Toro Silver Corp,,DTOR,,,,,,,,
3704,,Diamond Management & Technology Consultants Inc,,DTPI,,,,,,,,
3705,0.4068989312932237,Dakota Territory Resource Corp,-111.89143900505555,DTRC,5.0,-3165041.0,25727637.0,354140992.0,0.0,Basic Materials,10468548.0,0.0
3706,,DTS Inc,,DTSI,,,,,,,,
3707,3.116105141750001,Data Storage Consulting Services Inc,81.95885664789952,DTST,3.28,267844.0,4186843.0,21952188.0,14876227.0,Technology,15056571.0,2009928.0
3708,3.116105141750001,Data Storage Corp,81.95885664789952,DTST,3.28,267844.0,4186843.0,21952188.0,14876227.0,Technology,15056571.0,2009928.0
3709,,Directv Group Inc,,DTV,,,,,,,,
3710,,Directv,,DTV,,,,,,,,
3711,,Dot VN Inc,,DTVI,,,,,,,,
3712,,Duff & Phelps Utility & Corporate Bond Trust Inc,,DUC,,,,,,,,
3713,,Alco Stores Inc,,DUCK,,,,,,,,
3714,,Arx Gold Corp,,DUCP,,,,,,,,
3715,,Duff & Phelps Corp,,DUF,,,,,,,,
3716,-76.11098246006036,Duke Energy Carolinas LLC,22.52119778915046,DUK,114.4,3908000000.0,768088903.0,88012840960.0,24677000000.0,Utilities,9940000000.0,68400001024.0
3717,-76.11098246006036,Duke Energy Corp,22.52119778915046,DUK,114.4,3908000000.0,768088903.0,88012840960.0,24677000000.0,Utilities,9940000000.0,68400001024.0
3718,,Duma Energy Corp,,DUMA,,,,,,,,
3719,,Dunn Mining Inc,,DUNM,,,,,,,,
3720,,Dusa Pharmaceuticals Inc,,DUSA,,,,,,,,
3721,,Duravest Inc,,DUVT,,,,,,,,
3722,6.699803436776467,Devry Education Group Inc,124.49413293298758,DV,23.0,29308000.0,54221740.0,3648674048.0,332741000.0,Technology,367824000.0,4549000.0
3723,-94.58530626188252,Davita Healthcare Partners Inc,10.183230767029485,DVA,97.78,978450000.0,93117285.0,9963782144.0,11618797000.0,Healthcare,3167723000.0,11975249920.0
3724,6.152525917863184,Dynavax Technologies Corp,19.436124151056536,DVAX,12.43,76713000.0,116234698.0,1491003392.0,438242000.0,Healthcare,972520000.0,257383008.0
3725,,Spire Technologies Inc,,DVCOD,,,,,,,,
3726,,Dover Motorsports Inc,,DVD,,,,,,,,
3727,,Dan River Inc,,DVERQ,,,,,,,,
3728,,Diversified Income Strategies Portfolio Inc,,DVF,,,,,,,,
3729,,Vanura Uranium Inc,,DVFN,,,,,,,,
3730,,China Fruits Corp,,DVFN,,,,,,,,
3731,,Parabel Inc,,DVGL,,,,,,,,
3732,,DVI Inc,,DVI,,,,,,,,
3733,,Digital Video Systems Inc,,DVID,,,,,,,,
3734,,DVL Inc,,DVLN,2775.0,,,17957024.0,,Financial Services,,36526000.0
3735,,DVL Inc,,DVLN,2775.0,,,17957024.0,,Financial Services,,36526000.0
3736,,Deer Valley Corp,,DVLY,,,,,,,,
3737,,Cohen & Steers Dividend Majors Fund Inc,,DVM,,,,,,,,
3738,-3.8095121117331145,Devon Energy Corp,18.24265937859936,DVN,75.8,2813000000.0,659139524.0,51316600832.0,13117000000.0,Energy,4249000000.0,6760000000.0
3739,-3.8095121117331145,Devon Energy Corp,18.24265937859936,DVN,75.8,2813000000.0,659139524.0,51316600832.0,13117000000.0,Energy,4249000000.0,6760000000.0
3740,,Devine Entertainment Corp,,DVNNF,,,,,,,,
3741,,Diversinet Corp,,DVNTF,,,,,,,,
3742,,Dynavox Inc,,DVOX,,,,,,,,
3743,,Cal Dive International Inc,,DVR,,,,,,,,
3744,,Diversified Thermal Solutions Inc,,DVTS,,,,,,,,
3745,,Covad Communications Group Inc,,DVW,,,,,,,,
3746,,Drew Industries Inc,,DW,,,,,,,,
3747,,Dreamworks Animation SKG Inc,,DWA,,,,,,,,
3748,,Datawatch Corp,,DWCH,,,,,,,,
3749,,Global Arena Holding Inc,,DWMA,,,,,,,,
3750,,Deep Well Oil & Gas Inc,,DWOG,0.001,,62775242.0,229375.0,,Energy,,22491.0
3751,,Demandware Inc,,DWRE,,,,,,,,
3752,,Design Within Reach Inc,,DWRI,,,,,,,,
3753,16.99956695041424,Dawson Geophysical Co,-1.3491757588257536,DWSN,1.66,-29091000.0,2214527.0,39248872.0,24695000.0,Energy,42859000.0,5213000.0
3754,,Datawave Systems Inc,,DWVSF,,,,,,,,
3755,,Dwyer Group Inc,,DWYR,,,,,,,,
3756,-69.92864187275724,Dynex Capital Inc,5.887409823882027,DX,16.42,102261000.0,36045761.0,602052416.0,127688000.0,Real Estate,450499000.0,2971130112.0
3757,15.801431515227783,Dexcom Inc,181.1131920879121,DXCM,289.08,154700000.0,97630397.0,28018210816.0,2448500000.0,Healthcare,3684400000.0,2141699968.0
3758,,Dex Media Inc,,DXM,,,,,,,,
3759,,Digitalfx International Inc,,DXN,,,,,,,,
3760,1.9371003227571726,DXP Enterprises Inc,34.668605237633365,DXPE,30.5,16496000.0,14326560.0,571893312.0,1113921000.0,Industrials,404574000.0,376822016.0
3761,-2.2551475249717146,Daxor Corp,10.689677787168478,DXR,12.5826,4748197.0,1318692.0,50756696.0,278090.0,Healthcare,764497.0,3738342.0
3762,,Dixon Ticonderoga Co,,DXT,,,,,,,,
3763,3.7018361292177118,Dixie Group Inc,20.04027227722772,DXYN,2.05,1616000.0,10812202.0,32385080.0,341247000.0,Consumer Cyclical,140417000.0,100392000.0
3764,15.883617159729107,Dycom Industries Inc,82.7536756268748,DY,94.15,34337000.0,28594181.0,2841512960.0,3199165000.0,Industrials,1356090000.0,901910976.0
3765,,Dynamic Applications Corp,,DYAP,,,,,,,,
3766,,Dyax Corp,,DYAX,,,,,,,,
3767,,Fifth Season International Inc,,DYER,,,,,,,,
3768,,Dynamic Gold Corp,,DYGO,,,,,,,,
3769,,Dynacore Patent Litigation Trust,,DYHCS,,,,,,,,
3770,,Dynamic Health Products Inc,,DYHP,,,,,,,,
3771,,Dynacq Healthcare Inc,,DYII,,,,,,,,
3772,,Dynamic Leisure Corp,,DYLI,,,,,,,,
3773,21.685874017494854,Dynegy Illinois Inc,-1.6981614698809708,DYN,4.92,-149291000.0,16128287.0,253520224.0,0.0,Healthcare,382392000.0,32636000.0
3774,21.685874017494854,Dynegy Inc,-1.6981614698809708,DYN,4.92,-149291000.0,16128287.0,253520224.0,0.0,Healthcare,382392000.0,32636000.0
3775,,Il2m International Corp,,DYNH,,,,,,,,
3776,,Dynaresource Inc,,DYNR,1.91,,11904192.0,34554384.0,,Basic Materials,,3191755.0
3777,1.6774024356949486,Dynatronics Corp,6.28398515127303,DYNT,0.7092,2001249.0,9798025.0,12575819.0,47798654.0,Healthcare,20905866.0,4470635.0
3778,,Dynamic Ventures Corp,,DYNV,,,,,,,,
3779,,Duoyuan Printing Inc,,DYP,,,,,,,,
3780,,Dynasil Corp Of America,,DYSL,2.4,,14968248.0,36006960.0,,Technology,,6032000.0
3781,,Dynatem Inc,,DYTM,,,,,,,,
3782,,Diasys Corp,,DYX,,,,,,,,
3783,,Daisytek International Corp,,DZTK,,,,,,,,
3784,18.715295406368718,Electronic Arts Inc,46.806920105137394,EA,138.53,837000000.0,265558188.0,39177392128.0,5629000000.0,Communication Services,7213000000.0,2243000064.0
3785,,Encore Acquisition Co,,EAC,9.81,,14148105.0,338445024.0,,Financial Services,,135836.0
3786,,Erickson Air-crane Inc,,EAC,9.81,,14148105.0,338445024.0,,Financial Services,,135836.0
3787,,Eautoclaims Inc,,EACC,,,,,,,,
3788,,Eaco Corp,,EACO,19.0,,172246.0,92370208.0,,Technology,,16213000.0
3789,,Wells Fargo Advantage Income Opportunities Fund,3.2172903051530786,EAD,7.32,137846127.0,,443491008.0,39756931.0,Financial Services,12971335.0,194000000.0
3790,,Eaton Vance Advisers Senior Floating Rate Fund,,EAFRX,,,,,,,,
3791,,Eagle Broadband Inc,,EAG,,,,,,,,
3792,,American Defense Systems Inc,,EAG,,,,,,,,
3793,,Egl Inc,,EAGL,,,,,,,,
3794,,Silver Eagle Acquisition Corp,,EAGL,,,,,,,,
3795,,Husa Liquidating Corp,,EAR,1.29,,23749208.0,50649140.0,,Healthcare,,16078000.0
3796,,Earth Dragon Resources Inc,,EARH,,,,,,,,
3797,-61.051362016891375,Ellington Residential Mortgage REIT,-16.833037248375337,EARN,8.21,-6309000.0,12769592.0,106199632.0,29152000.0,Real Estate,286337000.0,1065937984.0
3798,,Energy East Corp,,EAS,,,,,,,,
3799,,Easton Bancorp Inc,,EASB,,,,,,,,
3800,,Engineered Support Systems Inc,,EASI,,,,,,,,
3801,-0.28799510801235423,East Fork Biodiesel LLC,-4.8076247723132965,EAST,0.68,-2196000.0,13743289.0,10557544.0,12394000.0,Consumer Defensive,14105000.0,18063000.0
3802,,Easylink Services Corp,,EASY,,,,,,,,
3803,-47.065216056644104,Brinker International Inc,10.53299452887538,EAT,30.52,131600000.0,43847668.0,1386142080.0,3337800000.0,Consumer Cyclical,207200000.0,2270899968.0
3804,,Eateries Inc,,EATS,,,,,,,,
3805,,Eau Technologies Inc,,EAUI,0.001,,,314329.0,,Industrials,,6570227.0
3806,,Mobile Data Corp,,EAVR,,,,,,,,
3807,-0.5480064595620626,Ebay Inc,2.2458490205761317,EBAY,48.82,13608000000.0,585760453.0,30561513472.0,10420000000.0,Consumer Cyclical,9111000000.0,9432000512.0
3808,,Ebank Financial Services Inc,,EBDC,,,,,,,,
3809,,Annec Green Refractories Corp,,EBDM,,,,,,,,
3810,7.0281476127636076,Ennis Inc,19.753205279322653,EBF,18.22,24094000.0,22756921.0,475933728.0,357973000.0,Industrials,165029000.0,5090000.0
3811,,Eddie Bauer Holdings Inc,,EBHI,,,,,,,,
3812,,Evergreen International Balanced Income Fund,,EBI,,,,,,,,
3813,,Epoch Biosciences Inc,,EBIO,,,,,,,,
3814,-13.082938133744898,Ebix Inc,13.709157975010266,EBIX,30.21,68188000.0,23233619.0,934800064.0,994938000.0,Technology,366564000.0,670528000.0
3815,,Earthblock Technologies Inc,,EBLC,,,,,,,,
3816,,Exchange Bancshares Inc,,EBLO,,,,,,,,
3817,6.081158968121888,Eagle Bancorp,9.28342880921007,EBMT,19.7,14419000.0,5794948.0,133857760.0,93448000.0,Financial Services,94226000.0,58986000.0
3818,6.081158968121888,Eagle Bancorp Montana Inc,9.28342880921007,EBMT,19.7,14419000.0,5794948.0,133857760.0,93448000.0,Financial Services,94226000.0,58986000.0
3819,,Enhance Biotech Inc,,EBOIE,,,,,,,,
3820,9.077981614764346,Emergent Biosolutions Inc,8.206107717626677,EBS,35.22,230900000.0,45230315.0,1894790272.0,1792700000.0,Healthcare,1272100000.0,861500032.0
3821,,Meridian Interstate Bancorp Inc,,EBSB,,,,,,,,
3822,,Elder Beerman Stores Corp,,EBSC,,,,,,,,
3823,41.1177380976398,Enterprise Bancorp Inc,9.753864978302625,EBTC,34.2,42171000.0,9021362.0,411330240.0,159740000.0,Financial Services,457222000.0,86284000.0
3824,,Encore Bancshares Inc,,EBTX,,,,,,,,
3825,,Engelhard Corp,0.002011276760139517,EC,15.31,15649143000000.0,236585461.0,31474757632.0,91881204000000.0,Energy,51695747000000.0,
3826,,Echo Automotive Inc,,ECAU,,,,,,,,
3827,,Ecb Bancorp Inc,,ECBE,,,,,,,,
3828,,Ecc International Corp,3.3126248773198044,ECC,12.65,131706262.0,,436293440.0,88513364.0,Financial Services,37318989.0,213830128.0
3829,,East Coast Diversified Corp,,ECDV,,,,,,,,
3830,,Ecom Ecom Com Inc,,ECEC,,,,,,,,
3831,,Invenda Corp,,ECEN,,,,,,,,
3832,,Ellsworth Fund LTD,3.2156867732673677,ECF,9.14,38369854.0,,123385432.0,3537428.0,Financial Services,4147331.0,0.0
3833,,Ev Classic Senior Floating Rate Fund,,ECFRX,,,,,,,,
3834,,Ecogen Inc,,ECGN,,,,,,,,
3835,,Electronic Clearing House Inc,,ECHO,,,,,,,,
3836,,Echo Global Logistics Inc,,ECHO,,,,,,,,
3837,0.5331524218426782,Encision Inc,12.979789100685098,ECIA,0.65,584734.0,5368371.0,7589724.0,7537834.0,Healthcare,4097994.0,1235834.0
3838,,Victory Electronic Cigarettes Corp,,ECIG,,,,,,,,
3839,-17.1133442052118,Ecolab Inc,42.10878680237189,ECL,166.03,1129900000.0,254094084.0,47578718208.0,12733100000.0,Basic Materials,4687100000.0,9035499520.0
3840,,Ecollege Com,,ECLG,,,,,,,,
3841,,Eclipsys Corp,,ECLP,,,,,,,,
3842,,Encompass Holdings Inc,,ECMH,1e-06,,,695.0,,Consumer Cyclical,,3934617.0
3843,,Eye Cash Networks Inc,,ECNI,,,,,,,,
3844,,Eco Building Products Inc,,ECOB,,,,,,,,
3845,,Ecology Coatings Inc,,ECOC,,,,,,,,
3846,,Ecosolutions Intl,,ECOI,,,,,,,,
3847,-15.388038599847313,US Ecology Inc,283.35681618887014,ECOL,47.99,5337000.0,28924674.0,1512275328.0,988001000.0,Industrial Goods,364218000.0,809312000.0
3848,5.0333255181590335,Channeladvisor Corp,8.833606269194112,ECOM,13.88,47215000.0,27740904.0,417078720.0,167729000.0,Technology,144950000.0,5321000.0
3849,,Easy Organic Cookery Inc,,ECOO,,,,,,,,
3850,,Canterbury Park Holding Corp,,ECP,,,,,,,,
3851,9.550393468943383,Encore Capital Group Inc,5.013495105222047,ECPG,60.08,350782000.0,23984358.0,1758643840.0,1614499000.0,Financial Services,3327607000.0,3098546944.0
3852,,El Capitan Precious Metals Inc,,ECPN,0.0001,,412833908.0,3720960.0,,Basic Materials,,527024.0
3853,,Ecc Capital Corp,,ECR,,,,,,,,
3854,,Ecrypt Technologies Inc,,ECRY,,,,,,,,
3855,,Endocardial Solutions Inc,,ECSI,,,,,,,,
3856,,Ecash Inc,,ECSI,,,,,,,,
3857,,Ecost Com Inc,,ECST,,,,,,,,
3858,,Eca Marcellus Trust I,,ECT,,,,,,,,
3859,,Echo Therapeutics Inc,,ECTE,,,,,,,,
3860,,Ectel LTD,,ECTX,,,,,,,,
3861,,Y3k Secure Enterprise Software Inc,,ECUI,,,,,,,,
3862,,Enhanced Equity Yield & Premium Fund Inc,,ECV,,,,,,,,
3863,,BBMF Corp,,ECWC,,,,,,,,
3864,,Endocyte Inc,,ECYT,,,,,,,,
3865,-56.30745105397967,Consolidated Edison Inc,26.4339346448737,ED,100.58,1346000000.0,353683198.0,35580076032.0,13676000000.0,Utilities,5551000000.0,25465999360.0
3866,,Edac Technologies Corp,,EDAC,,,,,,,,
3867,,Morgan Stanley Emerging Markets Domestic Debt Fund Inc,,EDD,4.69,,,309971968.0,,Financial Services,,
3868,,Edd Helms Group Inc,,EDDH,,,,,,,,
3869,,Empire District Electric Co,,EDE,,,,,,,,
3870,,Edelbrock Corp,,EDEL,,,,,,,,
3871,,Eden Bioscience Corp,,EDEN,,,,,,,,
3872,,Stone Harbor Emerging Markets Income Fund,,EDF,5.47,,,92136128.0,,Financial Services,,
3873,,Emission Differentials LTD,,EDFFF,,,,,,,,
3874,,Edentify Inc,,EDFY,,,,,,,,
3875,,Edgen Group Inc,,EDG,,,,,,,,
3876,,Inova Technology Inc,,EDGH,,,,,,,,
3877,,Edgar Online Inc,,EDGR,,,,,,,,
3878,,Edgewater Technology Inc,,EDGW,,,,,,,,
3879,,Stone Harbor Emerging Markets Total Income Fund,,EDI,5.99,,,59517416.0,,Financial Services,,
3880,,E Digital Corp,,EDIG,,,,,,,,
3881,,Education Lending Group Inc,,EDLG,,,,,,,,
3882,,East Delta Resources Corp,,EDLT,,,,,,,,
3883,,Education Management Corporation,,EDMC,,,,,,,,
3884,,Eden Energy Corp,,EDNE,,,,,,,,
3885,,Edo Corp,,EDO,,,,,,,,
3886,-21.811980808326545,Education Realty Trust Inc,-18.317341106450897,EDR,22.77,-328311000.0,111484598.0,6013784576.0,5077713000.0,Communication Services,3753747000.0,6185446912.0
3887,,Electronic Data Systems Corp,,EDS,,,,,,,,
3888,,Edison Schools Inc,,EDSN,,,,,,,,
3889,4.689312798135342,Educational Development Corp,3.1087088086185046,EDUC,4.5337,12624000.0,6321374.0,39244340.0,204635100.0,Communication Services,58140600.0,28497700.0
3890,,Endevco Inc,,EDVC,,,,,,,,
3891,,Parallax Health Sciences Inc,,EDVP,,,,,,,,
3892,,Edgewater Foods International Inc,,EDWT,,,,,,,,
3893,,El Paso Electric Co,,EE,26.44,41118000.0,,,888555000.0,Utilities,490395000.0,1022556032.0
3894,,European Equity Fund Inc,6.2909432422043725,EEA,7.93,8832355.0,,55563844.0,2198917.0,Financial Services,437343.0,0.0
3895,,Environmental Elements Corp,,EECP,,,,,,,,
3896,,Energy Edge Technologies Corp,,EEDG,,,,,,,,
3897,,Evergreen Energy Inc,,EEE,,,,,,,,
3898,,Infe Human Resources Inc,,EEEE,,,,,,,,
3899,,Educate Inc,,EEEE,,,,,,,,
3900,,Electro Energy Inc,,EEEI,,,,,,,,
3901,,Enhanced Equity Yield Fund Inc,,EEF,,,,,,,,
3902,26.620692632345833,Euronet Worldwide Inc,91.30807346557891,EEFT,122.18,70727000.0,51750081.0,6457946112.0,2995443000.0,Technology,3308423000.0,1930800000.0
3903,,Empire Energy Corp,,EEGC,,,,,,,,
3904,,Eagle Supply Group Inc,,EEGL,,,,,,,,
3905,,Eline Entertainment Group Inc,,EEGR,,,,,,,,
3906,,Ecology & Environment Inc,,EEI,,,,,,,,
3907,,E Loan Inc,,EELN,,,,,,,,
3908,,Green Gold Inc,,EENR,,,,,,,,
3909,,Energy & Engine Technology Corp,,EENT,,,,,,,,
3910,,Enbridge Energy Partners LP,,EEP,,,,,,,,
3911,,Eco Energy Pumps Inc,,EEPU,,,,,,,,
3912,,Enbridge Energy Management L L C,,EEQ,,,,,,,,
3913,,Eastern Environment Solutions Corp,,EESC,,,,,,,,
3914,,Eestech Inc,,EESH,0.0475,,,1293591.0,,Industrials,,276037.0
3915,,Environmental Energy Services Inc,,EESV,,,,,,,,
3916,,Europe Fund Inc,,EF,,,,,,,,
3917,-14.167272232787056,Efc Bancorp Inc,6.647969729438121,EFC,15.45,133463000.0,55241972.0,887257984.0,145320000.0,Real Estate,2866025000.0,3648653056.0
3918,-14.167272232787056,Ellington Financial LLC,6.647969729438121,EFC,15.45,133463000.0,55241972.0,887257984.0,145320000.0,Real Estate,2866025000.0,3648653056.0
3919,,Efunds Corp,,EFD,,,,,,,,
3920,,Eaton Vance Floating-rate Income Plus Fund,,EFF,,,,,,,,
3921,,Empire Financial Holding Co,,EFH,,,,,,,,
3922,,Electronics For Imaging Inc,,EFII,,,,,,,,
3923,,Ef Johnson Technologies Inc,,EFJI,,,,,,,,
3924,,Western Asset Emerging Markets Floating Rate Fund Inc,,EFL,8.71,,,205909632.0,,,,
3925,,Eflo Energy Inc,,EFLO,,,,,,,,
3926,,Elite Flight Solutions Inc,,EFLT,,,,,,,,
3927,1.785297384006698,Energy Focus Inc,-0.697844534618311,EFOI,0.8762,-7886000.0,5144241.0,5503202.0,9865000.0,Consumer Cyclical,13424000.0,4240000.0
3928,,Eaton Vance Senior Floating Rate Trust,,EFR,12.11,,,342957600.0,,Financial Services,,120000000.0
3929,,Egpi Firecreek Inc,,EFRC,,,,,,,,
3930,46.19769804616325,Enterprise Financial Services Corp,13.361272135583029,EFSC,46.33,133055000.0,35676215.0,1777784064.0,406524000.0,Financial Services,2082036000.0,433876992.0
3931,24.69444653380547,Eagle Financial Services Inc,11.062532982487978,EFSI,35.34,11021000.0,2406371.0,121920176.0,50607000.0,Financial Services,64944000.0,5520000.0
3932,,Eaton Vance Floating-rate Income Trust,3.8707925669543903,EFT,12.28,90345793.0,,349709824.0,41227437.0,Financial Services,23085619.0,219930176.0
3933,,Eft Holdings Inc,,EFTB,,,,,,,,
3934,,Earthfirst Technologies Inc,,EFTIE,,,,,,,,
3935,-38.51749661606431,Equifax Inc,33.81858657350175,EFX,206.29,744200000.0,121843332.0,25167792128.0,4923900000.0,Industrials,1120900000.0,5814000128.0
3936,,Egames Inc,,EGAM,,,,,,,,
3937,4.786024336734442,Egain Corp,42.80427417732433,EGAN,9.49,6959000.0,18890209.0,297874944.0,78287000.0,Technology,94678000.0,4269000.0
3938,47.34871817878667,Eagle Bancorp Inc,9.005098573215387,EGBN,49.8,176691000.0,31406447.0,1591119872.0,386839000.0,Financial Services,1768984000.0,281928992.0
3939,,Ecologic Transportation Inc,,EGCT,,,,,,,,
3940,,Edgewater Bancorp Inc,,EGDW,,,,,,,,
3941,,Egene Inc,,EGEI,,,,,,,,
3942,,Blackrock Enhanced Government Fund Inc,,EGF,10.59,,,43867276.0,,Financial Services,,12574214.0
3943,,8888 Acquisition Corp,,EGHA,,,,,,,,
3944,-2.9626555045994905,8X8 Inc,-5.142045281879398,EGHT,7.45,-165585000.0,84902553.0,851445568.0,532344000.0,Technology,276533000.0,528070016.0
3945,,Engility Holdings Inc,,EGL,,,,,,,,
3946,-18.10760102403025,Eagle Bulk Shipping Inc,5.157876484946685,EGLE,70.17,184897884.0,13359371.0,953680448.0,594537654.0,Industrials,156032816.0,397938976.0
3947,,American Rare Earths & Materials Corp,,EGLF,,,,,,,,
3948,,Electroglas Inc,,EGLS,,,,,,,,
3949,,Eagle Test Systems Inc,,EGLT,,,,,,,,
3950,,Emgold Mining Corp,,EGMCF,0.1325,,13462061.0,18044248.0,,Basic Materials,,36033.0
3951,,Electronic Game Card Inc,,EGMI,,,,,,,,
3952,,Edgemont Mining Inc,,EGMM,,,,,,,,
3953,,Energen Corp,,EGN,,,,,,,,
3954,,Nic Inc,,EGOV,,,,,,,,
3955,-34.07924679918143,Eastgroup Properties Inc,42.443547922339214,EGP,164.37,157557000.0,40959913.0,6687278080.0,409475000.0,Real Estate,95855000.0,1491737984.0
3956,,Commerce Energy Group Inc,,EGR,,,,,,,,
3957,,Evergreen-agra Inc,,EGRN,,,,,,,,
3958,,Engraving Masters Inc,,EGRV,,,,,,,,
3959,,Energas Resources Inc,,EGSR,,,,,,,,
3960,,Energtek,,EGTK,0.0001,,,302188.0,,Consumer Cyclical,,3620004.0
3961,,Engex Inc,,EGX,,,,,,,,
3962,1.35678191769496,Vaalco Energy Inc,5.418798572755267,EGY,7.47,81836000.0,57533196.0,443452800.0,199075000.0,Energy,88289000.0,10229000.0
3963,,Energy Holdings International Inc,,EGYH,,,,,,,,
3964,,Echo Healthcare Acquisition Corp,,EHHA,,,,,,,,
3965,,Western Asset Global High Income Fund Inc,2.915045344910086,EHI,7.66,59642747.0,,173861312.0,29271199.0,Financial Services,6769868.0,83734560.0
3966,,Protext Mobility Inc,,EHMI,,,,,,,,
3967,,Eagle Hospitality Properties Trust Inc,,EHP,,,,,,,,
3968,17.0887063248577,Ehealth Inc,-2.7759646658682633,EHTH,10.98,-104375000.0,21430411.0,289741312.0,538199000.0,Financial Services,407587000.0,41369000.0
3969,,Eaton Vance California Municipal Bond Fund II,,EIA,,,,,,,,
3970,,Visicu Inc,,EICU,,,,,,,,
3971,,Eaton Vance Insured Florida Plus Municipal Bond Fund,,EIF,,,,,,,,
3972,,Eaton Vance Institutional Senior Floating Rate Fund,,EIFRX,,,,,,,,
3973,29.251200655836808,Employers Holdings Inc,9.938731131601006,EIG,42.4,119300000.0,26757876.0,1185690624.0,703100000.0,Financial Services,842700000.0,60000000.0
3974,,Endurance International Group Holdings Inc,,EIGI,,,,,,,,
3975,,Eastern Insurance Holdings Inc,,EIHI,,,,,,,,
3976,,Energy Infrastructure Acquisition Corp,,EII,,,,,,,,
3977,,Eaton Vance Municipal Bond Fund,,EIM,11.18,,,804436800.0,,Financial Services,,686965632.0
3978,,Eaton Vance Ohio Municipal Bond Fund,,EIO,,,,,,,,
3979,,Eaton Vance Pennsylvania Municipal Bond Fund,,EIP,,,,,,,,
3980,,Enable Ipc Corp,,EIPC,1e-06,,,2633.0,,Industrials,,17146.0
3981,,Essential Innovations Technology Corp,,EITC,,,,,,,,
3982,,Entertainment Is US Inc,,EIUS,,,,,,,,
3983,,Eaton Vance Municipal Bond Fund II,,EIV,,,,,,,,
3984,-63.22467040241496,Edison International,35.067658455862976,EIX,70.06,759000000.0,380262950.0,26616352768.0,14905000000.0,Utilities,5491000000.0,29532999680.0
3985,,Enerjex Resources Inc,,EJXR,,,,,,,,
3986,,Electronic Control Security Inc,,EKCS,0.0721,,,1143981.0,,Industrials,,2208140.0
3987,,Eastern Utilities Investing Corp,,EKDKQ,,,,,,,,
3988,,Eureka Financial Corp,,EKFC,,,,,,,,
3989,7.819102056494666,Estee Lauder Companies Inc,31.587544217421602,EL,251.86,2870000000.0,230844946.0,90656251904.0,16215000000.0,Consumer Defensive,9768000000.0,7962999808.0
3990,,Eon Labs Inc,,ELAB,,,,,,,,
3991,,Elayaway Inc,,ELAY,,,,,,,,
3992,,Electronics Boutique Holdings Corp,,ELBO,,,,,,,,
3993,,Elcom International Inc,,ELCO,11.0,,,6626785.0,,Technology,,1955000.0
3994,,Eldorado Artesian Springs Inc,,ELDO,,,,,,,,
3995,,Pervasip Corp,,ELEC,,,,,,,,
3996,,Enterologics Inc,,ELGO,,,,,,,,
3997,,Electric & Gas Technology Inc,,ELGT,,,,,,,,
3998,,Endologix Inc,,ELGX,,,,,,,,
3999,,Elkcorp,,ELK,,,,,,,,
